trade_id,direction,entry_price,close_price,close_reason,bars_held,was_time_stopped,pnl_r,post_close_12h_price,post_close_12h_pct_from_entry,post_close_12h_would_have_won,post_close_24h_price,post_close_24h_pct_from_entry,post_close_24h_would_have_won,post_close_48h_price,post_close_48h_pct_from_entry,post_close_48h_would_have_won,post_close_72h_price,post_close_72h_pct_from_entry,post_close_72h_would_have_won,post_close_96h_price,post_close_96h_pct_from_entry,post_close_96h_would_have_won,ranging_score
387afe95-d99e-470d-a7a1-71d35f6f67fd,SHORT,41844.5,41108.25480166016,trailing_stop,4,False,1.0432,40934.7,-2.1742,True,41902.3,0.1381,False,42613.2,1.837,False,41818.0,-0.0633,True,42632.1,1.8822,False,0.0
51f7b1df-fbe6-40a8-b042-7326afa8e259,SHORT,41488.4,42143.29073584457,stop_loss,3,False,-1.0,42746.5,3.0324,False,42458.3,2.3378,False,41921.7,1.0444,False,42653.5,2.8083,False,41838.5,0.8439,False,0.0
fceee154-7c64-4210-b746-99b0f88ef52f,SHORT,42590.2,43431.102641429265,stop_loss,4,False,-1.0,42836.2,0.5776,False,41818.0,-1.8131,True,42632.1,0.0984,False,42154.3,-1.0235,True,41512.8,-2.5297,True,0.0
13d05c57-5ae9-48a1-83fc-1989d5b9478d,SHORT,42296.3,41870.14161276414,trailing_stop,15,False,1.0261,40996.0,-3.0743,True,41386.4,-2.1513,True,42894.6,1.4145,False,43807.4,3.5727,False,44190.0,4.4772,False,0.0
636f0d87-f157-45cb-99bc-a45554db6ff6,SHORT,42126.0,41293.62322968323,trailing_stop,8,False,1.503,40939.9,-2.8156,True,42745.6,1.4708,False,42437.0,0.7383,False,43623.1,3.5539,False,43866.9,4.1326,False,0.0
628d60d8-1abd-4953-97af-05658c0d91ea,SHORT,40845.9,41451.763313941796,stop_loss,3,False,-1.0,42745.6,4.6509,False,42980.0,5.2248,False,43004.1,5.2838,False,44084.9,7.9298,False,43596.0,6.7329,False,0.0
0722c5d6-c185-4b0d-8b2c-1a8784065b02,LONG,42648.3,41905.74734359087,stop_loss,20,False,-0.4,42838.0,0.4448,True,43722.5,2.5187,True,43700.0,2.466,True,43582.1,2.1895,True,43809.4,2.7225,True,0.0
c7a2bedd-5809-4f03-82f1-ad46eb4a5dfc,LONG,42549.1,43478.837631134564,trailing_stop,16,False,1.2244,43623.1,2.5241,True,44084.9,3.6095,True,43596.0,2.4605,True,43736.1,2.7897,True,43679.4,2.6565,True,0.0
62114ba7-fd8d-4be7-9c8c-16c237b8c698,SHORT,43752.0,43752.0,stop_loss,48,False,0.0,43650.8,-0.2313,True,43817.2,0.149,False,43685.9,-0.1511,True,43485.8,-0.6084,True,42197.0,-3.5541,True,0.0
b1456b6e-90e6-4461-90c5-e84be4e96750,LONG,43684.5,43239.669699292375,stop_loss,17,False,-1.0,42366.6,-3.0169,False,42340.8,-3.0759,False,43354.9,-0.7545,False,42706.0,-2.2399,False,42034.5,-3.7771,False,0.0
3838a489-0040-4a9c-a5af-dd9b0e8f80f9,SHORT,42448.3,43110.45248202986,stop_loss,25,False,-0.4,43391.3,2.2215,False,43095.1,1.5237,False,42693.1,0.5767,False,41728.6,-1.6955,True,42784.3,0.7916,False,0.0
058f4b14-01c5-4507-a60e-f528fecce25a,SHORT,43072.7,43605.42894965855,stop_loss,9,False,-1.0,43091.8,0.0443,False,42660.1,-0.9579,True,42164.6,-2.1083,True,42398.1,-1.5662,True,42660.5,-0.957,True,0.0
7c942cb7-1c90-4f0f-9f94-054b8b78da43,SHORT,42309.8,42876.91991098597,stop_loss,4,False,-1.0,41799.4,-1.2063,True,41840.5,-1.1092,True,42702.7,0.9286,False,42731.4,0.9965,False,45658.7,7.9152,False,0.0
e93c794f-c144-434d-b045-b13bf1cf7e4a,SHORT,41844.5,41108.25480166016,trailing_stop,4,False,1.0432,40934.7,-2.1742,True,41902.3,0.1381,False,42613.2,1.837,False,41818.0,-0.0633,True,42632.1,1.8822,False,0.0
f803d0f2-87bc-41a4-a0fa-105d71d5007d,SHORT,41488.4,42143.29073584457,stop_loss,3,False,-1.0,42746.5,3.0324,False,42458.3,2.3378,False,41921.7,1.0444,False,42653.5,2.8083,False,41838.5,0.8439,False,0.0
e80947c4-2894-4d3a-aabd-31b03560b492,SHORT,42590.2,43431.102641429265,stop_loss,4,False,-1.0,42836.2,0.5776,False,41818.0,-1.8131,True,42632.1,0.0984,False,42154.3,-1.0235,True,41512.8,-2.5297,True,0.0
7f883bee-bd12-4fca-8a41-69728417cd7d,SHORT,42296.3,41870.14161276414,trailing_stop,15,False,1.0261,40996.0,-3.0743,True,41386.4,-2.1513,True,42894.6,1.4145,False,43807.4,3.5727,False,44190.0,4.4772,False,0.0
4a5d2bdb-5b0b-42d7-82b7-f4870bc601f7,SHORT,42126.0,41293.62322968323,trailing_stop,8,False,1.503,40939.9,-2.8156,True,42745.6,1.4708,False,42437.0,0.7383,False,43623.1,3.5539,False,43866.9,4.1326,False,0.0
bea392ac-d683-4a71-82d0-c41065be5504,SHORT,40845.9,41451.763313941796,stop_loss,3,False,-1.0,42745.6,4.6509,False,42980.0,5.2248,False,43004.1,5.2838,False,44084.9,7.9298,False,43596.0,6.7329,False,0.0
d90b2635-7ca0-4ca2-9186-72ac6ec8b83d,LONG,42648.3,41905.74734359087,stop_loss,20,False,-0.4,42838.0,0.4448,True,43722.5,2.5187,True,43700.0,2.466,True,43582.1,2.1895,True,43809.4,2.7225,True,0.0
27c85312-5bab-4d83-8acd-af4ca1509c71,LONG,42549.1,43478.837631134564,trailing_stop,16,False,1.2244,43623.1,2.5241,True,44084.9,3.6095,True,43596.0,2.4605,True,43736.1,2.7897,True,43679.4,2.6565,True,0.0
c682124b-a486-46bb-964a-d5d82acd2048,SHORT,43752.0,43752.0,stop_loss,48,False,0.0,43650.8,-0.2313,True,43817.2,0.149,False,43685.9,-0.1511,True,43485.8,-0.6084,True,42197.0,-3.5541,True,0.0
02077413-0347-413e-b810-1cd01965f021,LONG,43684.5,43239.669699292375,stop_loss,17,False,-1.0,42366.6,-3.0169,False,42340.8,-3.0759,False,43354.9,-0.7545,False,42706.0,-2.2399,False,42034.5,-3.7771,False,0.0
a48f0bbf-dd56-4d7b-bab2-8f1e0714eb4e,SHORT,42448.3,43110.45248202986,stop_loss,25,False,-0.4,43391.3,2.2215,False,43095.1,1.5237,False,42693.1,0.5767,False,41728.6,-1.6955,True,42784.3,0.7916,False,0.0
b2a3cd6a-1d98-422b-aacb-e9be92f2eadf,SHORT,43072.7,43605.42894965855,stop_loss,9,False,-1.0,43091.8,0.0443,False,42660.1,-0.9579,True,42164.6,-2.1083,True,42398.1,-1.5662,True,42660.5,-0.957,True,0.0
e0278883-98f6-4db4-8c60-6373f7a29272,SHORT,42309.8,42876.91991098597,stop_loss,4,False,-1.0,41799.4,-1.2063,True,41840.5,-1.1092,True,42702.7,0.9286,False,42731.4,0.9965,False,45658.7,7.9152,False,0.0
09ee638d-3e04-4da6-a618-74be7935b7b3,SHORT,42293.9,42045.74566890901,trailing_stop,21,False,0.5733,42177.2,-0.2759,True,42572.0,0.6575,False,42735.1,1.0432,False,45495.9,7.5708,False,43736.2,3.4102,False,0.0
d23b1ae8-ca78-43b1-ab3d-cc4b3fbde6ce,SHORT,42270.1,42778.21331228155,stop_loss,19,False,-1.0,42599.9,0.7802,False,42596.1,0.7712,False,45817.9,8.3932,False,45231.7,7.0064,False,42878.9,1.4403,False,0.0
663f9e2e-a023-43c5-967f-ea2f4dcb2f4a,LONG,43153.8,44008.39627577105,trailing_stop,5,False,1.6902,45658.7,5.8046,True,45024.9,4.3359,True,42783.8,-0.8574,False,44336.0,2.7395,True,43975.9,1.905,True,0.0
83d9e12c-1719-42ca-adbd-a5d1cb8225bc,LONG,45230.3,44389.34216652165,stop_loss,20,False,-1.0,42783.8,-5.409,False,43104.0,-4.7011,False,43640.8,-3.5142,False,43709.0,-3.3635,False,43974.0,-2.7776,False,0.0
a9645679-d8fa-4a4c-9bf4-d171206d0617,SHORT,43962.8,44862.37485395748,stop_loss,1,False,-1.0,43793.8,-0.3844,True,43612.3,-0.7973,True,43914.0,-0.111,True,44249.9,0.6531,False,47005.9,6.922,False,0.0
f2d545cb-1a4c-4b92-b953-923e50b68297,SHORT,43389.5,43389.5,stop_loss,48,False,0.0,44102.5,1.6433,False,43641.9,0.5817,False,46700.0,7.6297,False,45872.5,5.7226,False,46682.1,7.5885,False,0.0
1e4373eb-829e-4737-9b46-26c1ce5e7cdb,LONG,43920.3,44106.832375595965,trailing_stop,5,False,0.4974,47015.4,7.0471,True,46474.8,5.8162,True,45544.4,3.6978,True,46880.1,6.739,True,46077.9,4.9125,True,0.0
5ca8e842-20d0-4f6e-b529-b6832aa72f51,LONG,45118.0,46452.46049182415,trailing_stop,6,False,1.5257,46741.4,3.5981,True,46725.9,3.5638,True,46426.0,2.8991,True,46528.4,3.126,True,43841.8,-2.8286,False,0.0
224f9b68-c1ac-4d0d-9e06-3114090abaf8,LONG,46577.7,45550.20666240703,stop_loss,7,False,-0.4,45340.8,-2.6556,False,46137.2,-0.9457,False,46241.8,-0.7212,False,43689.1,-6.2017,False,42870.0,-7.9602,False,0.0
64898ccb-1cf4-4d86-852a-4cc17411df89,LONG,45578.4,45700.134426243756,trailing_stop,15,False,0.3696,46528.4,2.0843,True,46208.5,1.3825,True,43111.9,-5.4116,False,42769.6,-6.1626,False,42752.4,-6.2003,False,0.0
e770ccd4-3d97-4e7d-8f4c-deddf598e6f3,LONG,48578.2,47226.21484256846,stop_loss,1,False,-1.0,46163.9,-4.9699,False,45483.1,-6.3714,False,42874.9,-11.7405,False,42824.0,-11.8452,False,42204.6,-13.1203,False,0.0
dba104f2-49ac-4924-837e-02d175986bc9,SHORT,42812.3,42234.42042648673,trailing_stop,29,False,0.8123,42566.4,-0.5744,True,42621.1,-0.4466,True,43200.2,0.906,False,42733.4,-0.1843,True,41350.0,-3.4156,True,0.0
8c4456c3-e0ad-4379-a882-20ba3658715d,SHORT,42566.4,43150.32659599766,stop_loss,8,False,-1.0,42762.8,0.4614,False,43044.6,1.1234,False,42374.8,-0.4501,True,41823.0,-1.7464,True,41256.1,-3.0782,True,0.0
ecc67077-c7a1-434b-bd25-b6293d53de98,SHORT,42801.1,43356.87620940249,stop_loss,3,False,-0.4,42840.8,0.0928,False,42478.1,-0.7547,True,42629.3,-0.4014,True,40900.6,-4.4403,True,41567.1,-2.8831,True,0.0
3b01cd0f-1f1e-42a4-981f-c06cd86c7fe9,SHORT,42744.8,42248.26222810829,trailing_stop,8,False,1.2692,41055.7,-3.9516,True,40900.6,-4.3144,True,41567.1,-2.7552,True,41647.1,-2.568,True,40774.0,-4.6106,True,0.0
b63de42e-5b5e-468d-8539-785c8595e48c,SHORT,40973.2,41576.74566353804,stop_loss,4,False,-0.4,41629.5,1.6018,False,41583.0,1.4883,False,41671.7,1.7048,False,40719.6,-0.6189,True,39401.4,-3.8362,True,0.0
5c1bccdc-60bf-413a-b0ba-89447480f55b,SHORT,39763.0,40562.01004303223,stop_loss,9,False,-1.0,39782.4,0.0488,False,40033.2,0.6795,False,40065.6,0.761,False,41649.1,4.7434,False,42559.0,7.0317,False,0.0
8e9cd893-9116-47f0-8acf-6ce1a9fb16a9,SHORT,39912.7,40602.63374722864,stop_loss,44,False,-1.0,41974.0,5.1645,False,41649.1,4.3505,False,42559.0,6.6302,False,42279.6,5.9302,False,43306.0,8.5018,False,0.0
a84cd4ef-c795-43e2-9e65-88b4a18b366a,LONG,41448.8,42511.84348379044,trailing_stop,20,False,1.6092,42242.1,1.9139,True,42303.1,2.0611,True,43503.9,4.9582,True,42912.4,3.5311,True,42003.0,1.3371,True,0.0
6aec186e-7872-4303-9b07-b085b11cb3f7,SHORT,42534.0,42129.697870730684,trailing_stop,20,False,0.8232,42086.4,-1.0523,True,43151.3,1.4513,False,42908.3,0.88,False,42445.1,-0.209,True,43153.0,1.4553,False,0.0
49f0063e-5227-4de9-9753-285fddda5e52,LONG,42637.6,43301.6621146837,trailing_stop,15,False,1.1045,43370.6,1.7191,True,42958.7,0.7531,True,42148.6,-1.1469,False,43089.0,1.0587,True,43151.9,1.2062,True,0.0
f1207416-90b7-428a-bc74-6a183fe94157,LONG,43271.5,42709.69445079607,stop_loss,10,False,-1.0,42365.3,-2.0942,False,42625.5,-1.4929,False,42911.1,-0.8329,False,43178.9,-0.214,False,43016.2,-0.59,False,0.0
f3307a6e-61d8-4701-8301-23217eb5c700,LONG,43330.0,42679.398891585486,stop_loss,5,False,-1.0,42181.6,-2.6504,False,43201.1,-0.2975,False,43041.0,-0.667,False,43040.6,-0.6679,False,42617.8,-1.6437,False,0.0
e20d15cc-6a42-416a-b377-0cb681cd9b71,SHORT,43078.3,43078.3,stop_loss,52,False,0.3,42549.6,-1.2273,True,43128.5,0.1165,False,42780.8,-0.6906,True,42884.1,-0.4508,True,44799.9,3.9964,False,0.0
684ba56a-4cef-4968-b7d9-5a0f65e661fa,SHORT,42617.8,42905.50098943322,stop_loss,1,False,-1.0,43047.2,1.0076,False,42754.2,0.3201,False,43260.0,1.5069,False,43595.2,2.2934,False,45249.1,6.1742,False,0.0
7b75447d-6346-49c9-bdf7-eab5fe193215,LONG,43047.2,42610.72692201157,stop_loss,8,False,-0.4,42833.0,-0.4976,False,42915.6,-0.3057,False,43004.1,-0.1001,False,45048.7,4.6495,True,47034.7,9.2631,True,0.0
b8db5aa1-4e1e-48b6-aa67-0dcfe1844ce7,LONG,44108.9,44718.6599726303,trailing_stop,17,False,1.0836,45262.7,2.6158,True,47298.0,7.2301,True,47224.8,7.0641,True,48299.3,9.5001,True,48048.3,8.9311,True,0.0
3f60ec5e-9b69-4b95-9f6c-660ac27e7d18,SHORT,46195.5,46815.73835407709,stop_loss,4,False,-1.0,47256.9,2.2976,False,46883.6,1.4895,False,48160.5,4.2537,False,47880.8,3.6482,False,49875.1,7.9653,False,0.0
6c97ea8d-da06-4281-9cf1-283e396321f7,SHORT,47585.2,48490.16566444207,stop_loss,33,False,-1.0,48239.7,1.3754,False,48172.8,1.2348,False,49972.2,5.0163,False,49514.4,4.0542,False,52090.5,9.4679,False,0.0
2e6b1ea0-ff94-4008-8c6f-84b7f1ecfed1,LONG,48163.1,48346.736302055244,trailing_stop,8,False,0.5166,50173.2,4.1735,True,49553.2,2.8862,True,51822.5,7.5979,True,52253.3,8.4924,True,52501.0,9.0067,True,0.0
87e169a0-3df7-4a6f-9f3c-448fec0f8284,LONG,48861.4,50402.889398990905,trailing_stop,15,False,1.2579,51702.0,5.8136,True,51817.3,6.0496,True,51791.0,5.9957,True,51935.9,6.2923,True,51699.9,5.8093,True,0.0
9225b2d3-a9d1-4cfc-aa53-eae8cddd4ed0,LONG,52656.4,51810.650132461364,stop_loss,1,False,-1.0,52198.1,-0.8704,False,51955.0,-1.332,False,50883.8,-3.3664,False,51932.1,-1.3755,False,52130.1,-0.9995,False,0.0
6758f608-76c1-4edc-ba43-aa1f2aa6a656,LONG,52439.2,51909.44481541983,stop_loss,10,False,-1.0,51610.1,-1.5811,False,51706.3,-1.3976,False,51166.0,-2.428,False,51610.1,-1.5811,False,50934.4,-2.8696,False,0.0
305322b0-0a7e-4a95-9718-36848d6ce987,LONG,52157.4,52390.7810375062,trailing_stop,3,False,0.5852,52191.5,0.0654,True,51316.3,-1.6126,False,51545.2,-1.1738,False,51013.4,-2.1934,False,51114.2,-2.0001,False,0.0
a58b6bd8-75c4-4c2d-8f16-0f5b68ae96bc,SHORT,51630.1,51178.80475298445,trailing_stop,31,False,1.0499,54486.0,5.5315,False,56295.1,9.0354,False,59530.9,15.3027,False,62882.0,21.7933,False,61968.1,20.0232,False,0.0
c33082ba-893f-410c-9db7-a9fc305f7c9b,LONG,58330.0,58674.166196549115,trailing_stop,1,False,0.5379,61027.9,4.6252,True,62783.0,7.6342,True,61494.0,5.4243,True,62079.9,6.4288,True,61641.2,5.6767,True,0.0
e26f6ac0-a184-4f9c-a281-36338af98943,LONG,60532.3,61315.1666530607,trailing_stop,3,False,0.7028,61636.5,1.8242,True,62811.1,3.7646,True,61331.4,1.3201,True,61838.1,2.1572,True,62220.1,2.7883,True,0.0
930e19c9-c7ca-4df3-a3ef-09846b761314,LONG,62250.1,62250.1,stop_loss,48,False,0.0,61996.6,-0.4072,False,62220.1,-0.0482,False,66526.3,6.8694,True,66843.9,7.3796,True,66538.2,6.8885,True,0.0
a7c6ac1d-128c-4e20-8be7-e1b31ffe3055,LONG,66257.1,67816.87062090047,trailing_stop,13,False,1.069,68837.5,3.8945,True,62836.2,-5.1631,False,66175.8,-0.1227,False,67170.4,1.3784,True,68200.0,2.9324,True,0.0
ea09280b-0df1-491f-8a02-76fed5df2dc5,SHORT,66004.0,66004.0,stop_loss,48,False,0.0,68165.0,3.274,False,68360.0,3.5695,False,69650.3,5.5244,False,71557.3,8.4136,False,72108.0,9.2479,False,0.0
b7038ce7-cb1f-4d4d-ad6e-af5aca21077e,LONG,67846.7,66800.13706943896,stop_loss,3,False,0.2,68290.1,0.6535,True,68338.9,0.7255,True,69253.1,2.0729,True,72051.0,6.1968,True,71792.4,5.8156,True,0.0
99c3bf05-e342-4201-8575-5c6d10c906f1,LONG,69484.1,68677.84576573991,stop_loss,10,False,-1.0,68374.9,-1.5963,False,71593.6,3.0359,True,72370.0,4.1533,True,72275.8,4.0178,True,71957.6,3.5598,True,0.0
5da42737-18eb-4fc6-8e90-dff98d164a28,SHORT,68148.8,69350.92257282122,stop_loss,6,False,-1.0,72552.3,6.4616,False,72049.3,5.7235,False,72236.9,5.9988,False,73223.8,7.4469,False,67489.9,-0.9669,True,0.0
f267e5ef-d1d5-45c0-83ac-4d61817b3871,LONG,71202.1,71543.93303307316,trailing_stop,20,False,0.4749,71728.8,0.7397,True,72047.7,1.1876,True,73106.2,2.6742,True,69104.1,-2.9465,False,69105.0,-2.9453,False,0.0
974413f4-84e6-455e-ad8f-e1fd6eacea46,LONG,72370.0,70794.65722021517,stop_loss,2,False,-1.0,72047.7,-0.4454,False,72423.0,0.0732,True,71782.1,-0.8124,False,68675.3,-5.1053,False,68240.1,-5.7066,False,0.0
e9397fd4-cac9-4054-a2b3-9bb3761712be,SHORT,70580.4,72254.9264665213,stop_loss,11,False,-0.4,72423.0,2.6106,False,73106.2,3.5786,False,69104.1,-2.0917,True,69105.0,-2.0904,True,66378.7,-5.9531,True,0.0
e5a82066-584e-49b4-b019-883243c38f7d,SHORT,69319.4,66230.35616420186,trailing_stop,22,False,1.232,67210.6,-3.0421,True,68266.5,-1.5189,True,67724.1,-2.3014,True,62673.6,-9.5872,True,67699.3,-2.3372,True,0.0
7834cac9-3a58-49ce-b4f7-74a54a429284,SHORT,68266.5,66680.4318400072,trailing_stop,27,False,1.0249,63659.2,-6.749,True,63281.9,-7.3017,True,67670.9,-0.8725,True,65845.2,-3.5468,True,63606.0,-6.8269,True,0.0
6b5e20e3-91f6-485a-adb7-497482a1b63e,SHORT,66605.3,67859.218929858,stop_loss,13,False,-1.0,69941.0,5.0082,False,71174.1,6.8595,False,70252.3,5.4755,False,70930.0,6.493,False,70190.0,5.382,False,0.0
dc422f79-20ed-4429-9844-7102723882fc,LONG,69431.0,70263.13407298703,trailing_stop,23,False,0.6417,70711.9,1.8449,True,70252.3,1.1829,True,70930.0,2.159,True,70190.0,1.0932,True,70281.9,1.2255,True,0.0
a67a00d1-0565-4f9b-8a0f-4d36030c3dd3,LONG,70390.3,68644.50910174607,stop_loss,24,False,-1.0,69511.0,-1.2492,False,70934.3,0.7728,True,70510.0,0.1701,True,70214.0,-0.2505,False,70664.8,0.39,True,0.0
8947714a-7ccb-4529-8f06-0bb06537387a,LONG,71597.5,70324.48362777202,stop_loss,15,False,-1.0,69224.5,-3.3144,False,70133.2,-2.0452,False,70180.5,-1.9791,False,70516.4,-1.51,False,66620.0,-6.9521,False,0.0
91ff81d8-07d8-48b9-890b-71234d3114ec,LONG,70956.0,70364.45779443679,stop_loss,11,False,-1.0,68613.7,-3.3011,False,66620.0,-6.1108,False,66347.7,-6.4946,False,65502.5,-7.6857,False,67651.8,-4.6567,False,0.0
c3b131fa-2eec-4b73-80a2-3cb21a9a23c2,SHORT,68936.9,67781.00226702643,trailing_stop,12,False,1.1742,65242.8,-5.3587,True,65831.8,-4.5043,True,66165.7,-4.0199,True,68167.2,-1.1165,True,67698.9,-1.7958,True,0.0
72f5b0c7-60cd-48a9-b48a-0813fc3d4e98,SHORT,66095.8,67329.3632976444,stop_loss,26,False,-1.0,68605.0,3.7963,False,66902.2,1.22,False,67747.8,2.4994,False,69322.1,4.8812,False,72234.0,9.2868,False,0.0
dbece7fc-8928-4eeb-91f1-af5af27d0050,LONG,69049.6,69475.6055057502,trailing_stop,20,False,0.6858,69707.0,0.9521,True,71731.2,3.8836,True,68884.0,-0.2398,False,69379.4,0.4776,True,70242.0,1.7269,True,0.0
f546ada4-c124-4430-b457-84400f6bb64e,LONG,69070.0,70248.60833965204,trailing_stop,12,False,1.3651,71953.8,4.1752,True,70800.0,2.5047,True,69410.8,0.4934,True,70735.0,2.4106,True,70898.1,2.6467,True,0.0
a9308f50-7e11-443f-a0fb-6478d49ec91a,LONG,71993.2,70644.61222288372,stop_loss,22,False,-1.0,68884.0,-4.3187,False,69296.0,-3.7465,False,70614.4,-1.9152,False,70986.2,-1.3987,False,67329.7,-6.4777,False,0.0
ed2c85db-613e-4121-a2ff-8094c3aa40a5,SHORT,68951.8,70227.93035569947,stop_loss,12,False,-0.4,70614.2,2.411,False,70166.4,1.7615,False,66979.7,-2.8601,True,62891.2,-8.7896,True,63645.4,-7.6958,True,0.0
2a2c10fe-5811-4436-8b58-0587901ab766,SHORT,70566.2,70046.92269761799,trailing_stop,2,False,0.7054,65866.4,-6.6601,True,67531.5,-4.3005,True,64354.3,-8.8029,True,65823.5,-6.7209,True,62674.8,-11.183,True,0.0
434a0619-16b0-445c-b000-635166125e55,SHORT,67556.0,64055.03127205808,target_reached,5,False,2.2,64624.0,-4.3401,True,64381.4,-4.6992,True,63115.2,-6.5735,True,62992.9,-6.7545,True,61418.2,-9.0855,True,0.0
31633840-9646-4554-ac01-2b4f23d5bbc4,SHORT,64101.9,66239.49462962437,stop_loss,21,False,-1.0,63873.2,-0.3568,True,62677.9,-2.2215,True,63894.4,-0.3237,True,61024.9,-4.8002,True,62064.0,-3.1792,True,0.0
5d46d5ea-8764-4d79-b470-9cbb3702f6e0,SHORT,62544.4,64257.58731447686,stop_loss,11,False,-1.0,63296.0,1.2017,False,60825.9,-2.7476,True,63471.5,1.4823,False,64026.1,2.369,False,64690.6,3.4315,False,0.0
1478053b-3c7d-498e-9a4c-b6dd36b97716,SHORT,61256.5,62806.4525165509,stop_loss,21,False,-0.4,63466.0,3.607,False,64753.1,5.7081,False,63532.3,3.7152,False,64927.0,5.992,False,66017.5,7.7722,False,0.0
d284af81-582a-4431-9928-c1da64376851,SHORT,63465.5,62219.682881003944,trailing_stop,10,False,0.7327,64930.9,2.309,False,63401.0,-0.1016,True,64730.0,1.9924,False,64879.9,2.2286,False,66983.9,5.5438,False,0.0
1259873b-0da1-4383-b56c-d74a19a1aa24,LONG,64774.9,66504.97509137276,trailing_stop,55,False,1.4466,66043.3,1.9582,True,66326.0,2.3946,True,64376.2,-0.6155,False,64660.7,-0.1763,False,64034.1,-1.1437,False,0.0
109311e9-3822-48f8-916e-08525a5cd9ee,LONG,66883.9,65782.84165805337,stop_loss,23,False,-1.0,64520.2,-3.534,False,63390.2,-5.2235,False,64113.1,-4.1427,False,63013.1,-5.7873,False,63555.3,-4.9767,False,0.0
3a5aa2b9-81f1-416d-81a4-de11373c7074,SHORT,63996.3,65192.751967164644,stop_loss,14,False,-0.4,64384.9,0.6072,False,63949.9,-0.0725,True,63251.9,-1.1632,True,63650.0,-0.5411,True,62942.0,-1.6474,True,0.0
1786a92d-5162-4542-8f6d-88f1ffcb2038,SHORT,64069.7,63364.1537263244,trailing_stop,28,False,0.7413,63559.8,-0.7959,True,63738.5,-0.5169,True,61985.6,-3.2529,True,60800.1,-5.1032,True,57271.8,-10.6102,True,0.0
033526ff-b236-425d-841d-390ffb88204f,SHORT,63235.9,64249.32558937086,stop_loss,5,False,-1.0,63577.7,0.5405,False,62682.0,-0.8759,True,63746.3,0.8071,False,59910.0,-5.2595,True,57435.1,-9.1733,True,0.0
b1e5b556-e326-407c-a5e3-ae90f94894c2,SHORT,63819.9,63228.93615849451,trailing_stop,22,False,0.8439,61985.6,-2.8742,True,63583.4,-0.3706,True,60112.5,-5.8092,True,57083.0,-10.5561,True,59292.7,-7.0937,True,0.0
6a772f15-4f2f-4bf8-90b5-cd32631cb593,SHORT,61985.6,62898.69319740602,stop_loss,1,False,-1.0,63583.4,2.5777,False,60800.1,-1.9125,True,57271.8,-7.6047,True,58417.3,-5.7567,True,61638.2,-0.5605,True,0.0
41fe1f92-7371-4f4e-a51e-3d02ef30c393,SHORT,63583.4,62449.862905366106,trailing_stop,7,False,1.0032,59276.4,-6.7738,True,57474.0,-9.6085,True,57651.3,-9.3296,True,59150.0,-6.9726,True,62926.5,-1.0331,True,0.0
52ebeef4-1233-4a4d-9608-e06f29b4cc28,SHORT,56936.4,59351.704457515356,stop_loss,20,False,-1.0,59518.3,4.5347,False,61579.9,8.1556,False,63778.8,12.0176,False,64076.1,12.5398,False,63213.4,11.0246,False,0.0
244a95d9-d38e-4ce1-a936-33bb4768cedd,LONG,62871.8,63535.45696961101,trailing_stop,14,False,0.6607,63872.6,1.5918,True,63650.9,1.2392,True,65155.9,3.6329,True,64099.9,1.9533,True,62278.9,-0.943,False,0.0
a197074e-7af5-4a18-a62b-5bc3b4860d0f,SHORT,63690.2,64860.92453778599,stop_loss,43,False,-1.0,63205.6,-0.7609,True,63652.0,-0.06,True,62187.8,-2.3589,True,61233.8,-3.8568,True,63041.8,-1.0181,True,0.0
4f87f21d-4cee-49d6-a0b8-2989d2d4175f,SHORT,63577.1,62055.73364827582,trailing_stop,56,False,1.4229,61233.8,-3.6858,True,62426.2,-1.8102,True,60686.3,-4.5469,True,61127.2,-3.8534,True,61379.9,-3.456,True,0.0
c54ab5be-1c00-4668-bdf7-be4b011c9e14,SHORT,61835.3,62876.103846788326,stop_loss,6,False,-1.0,63108.5,2.059,False,60702.0,-1.8328,True,60896.0,-1.519,True,61199.9,-1.0276,True,62863.8,1.6633,False,0.0
952ef61f-b557-416f-b3dc-79c8c4ea8c7e,LONG,63276.3,62443.19835633097,stop_loss,3,False,-1.0,60857.4,-3.8228,False,60956.2,-3.6666,False,61179.2,-3.3142,False,62738.5,-0.8499,False,61675.2,-2.5303,False,0.0
1b52093d-a99d-41de-bffe-0ce50cd0b19c,SHORT,41844.5,41108.25480166016,trailing_stop,4,False,1.0432,40934.7,-2.1742,True,41902.3,0.1381,False,42613.2,1.837,False,41818.0,-0.0633,True,42632.1,1.8822,False,0.0
65614ddd-7a09-49b5-82bd-dc23c679f071,SHORT,41488.4,42143.29073584457,stop_loss,3,False,-1.0,42746.5,3.0324,False,42458.3,2.3378,False,41921.7,1.0444,False,42653.5,2.8083,False,41838.5,0.8439,False,0.0
f5a64df5-4446-40fe-a3db-2e6ec851e2f3,SHORT,42590.2,43431.102641429265,stop_loss,4,False,-1.0,42836.2,0.5776,False,41818.0,-1.8131,True,42632.1,0.0984,False,42154.3,-1.0235,True,41512.8,-2.5297,True,0.0
eec5df5c-fca5-41e2-983f-efb4e9fd56aa,SHORT,42296.3,41870.14161276414,trailing_stop,15,False,1.0261,40996.0,-3.0743,True,41386.4,-2.1513,True,42894.6,1.4145,False,43807.4,3.5727,False,44190.0,4.4772,False,0.0
824b0440-cf73-48d4-b81d-0ce4866b91eb,SHORT,42126.0,41293.62322968323,trailing_stop,8,False,1.503,40939.9,-2.8156,True,42745.6,1.4708,False,42437.0,0.7383,False,43623.1,3.5539,False,43866.9,4.1326,False,0.0
a9714f4f-0254-4c33-bc2a-a4d44dfb76a6,SHORT,40845.9,41451.763313941796,stop_loss,3,False,-1.0,42745.6,4.6509,False,42980.0,5.2248,False,43004.1,5.2838,False,44084.9,7.9298,False,43596.0,6.7329,False,0.0
9da8fd67-815f-4085-aaff-4188fbbadeeb,LONG,42648.3,41905.74734359087,stop_loss,20,False,-0.4,42838.0,0.4448,True,43722.5,2.5187,True,43700.0,2.466,True,43582.1,2.1895,True,43809.4,2.7225,True,0.0
b28faa79-aa04-41d3-9b95-237be860ac36,LONG,42549.1,43478.837631134564,trailing_stop,16,False,1.2244,43623.1,2.5241,True,44084.9,3.6095,True,43596.0,2.4605,True,43736.1,2.7897,True,43679.4,2.6565,True,0.0
52af6eb7-57b1-483b-bf85-0a805582c77c,SHORT,43752.0,43752.0,stop_loss,48,False,0.0,43650.8,-0.2313,True,43817.2,0.149,False,43685.9,-0.1511,True,43485.8,-0.6084,True,42197.0,-3.5541,True,0.0
4628245e-9212-4c5f-a04b-f1c55e4505bd,LONG,43684.5,43239.669699292375,stop_loss,17,False,-1.0,42366.6,-3.0169,False,42340.8,-3.0759,False,43354.9,-0.7545,False,42706.0,-2.2399,False,42034.5,-3.7771,False,0.0
ab225d6e-ddee-4e93-ae94-8a6420279853,SHORT,42448.3,43110.45248202986,stop_loss,25,False,-0.4,43391.3,2.2215,False,43095.1,1.5237,False,42693.1,0.5767,False,41728.6,-1.6955,True,42784.3,0.7916,False,0.0
eec5efa2-e2a5-4142-a104-4ced32293cd5,SHORT,43072.7,43605.42894965855,stop_loss,9,False,-1.0,43091.8,0.0443,False,42660.1,-0.9579,True,42164.6,-2.1083,True,42398.1,-1.5662,True,42660.5,-0.957,True,0.0
b7951a27-985a-4930-9f29-0f576ec6636e,SHORT,42309.8,42876.91991098597,stop_loss,4,False,-1.0,41799.4,-1.2063,True,41840.5,-1.1092,True,42702.7,0.9286,False,42731.4,0.9965,False,45658.7,7.9152,False,0.0
1a91b8ff-9a62-42e6-8bf9-35493719e532,SHORT,42293.9,42045.74566890901,trailing_stop,21,False,0.5733,42177.2,-0.2759,True,42572.0,0.6575,False,42735.1,1.0432,False,45495.9,7.5708,False,43736.2,3.4102,False,0.0
9335ec94-b61e-47c2-a0ce-7818acbfac1c,SHORT,42270.1,42778.21331228155,stop_loss,19,False,-1.0,42599.9,0.7802,False,42596.1,0.7712,False,45817.9,8.3932,False,45231.7,7.0064,False,42878.9,1.4403,False,0.0
57469558-ac2c-41e9-a996-3754f8133983,LONG,43153.8,44008.39627577105,trailing_stop,5,False,1.6902,45658.7,5.8046,True,45024.9,4.3359,True,42783.8,-0.8574,False,44336.0,2.7395,True,43975.9,1.905,True,0.0
617ad61a-ef0d-42f4-9b98-95eddf7e2d6b,LONG,45230.3,44389.34216652165,stop_loss,20,False,-1.0,42783.8,-5.409,False,43104.0,-4.7011,False,43640.8,-3.5142,False,43709.0,-3.3635,False,43974.0,-2.7776,False,0.0
f3d2d708-7c03-4dd6-a77c-e244a14d86b4,SHORT,43962.8,44862.37485395748,stop_loss,1,False,-1.0,43793.8,-0.3844,True,43612.3,-0.7973,True,43914.0,-0.111,True,44249.9,0.6531,False,47005.9,6.922,False,0.0
335f8caa-ca8d-41d9-8593-c4c69479da34,SHORT,43389.5,43389.5,stop_loss,48,False,0.0,44102.5,1.6433,False,43641.9,0.5817,False,46700.0,7.6297,False,45872.5,5.7226,False,46682.1,7.5885,False,0.0
b392b017-96b0-4171-a6bd-7a25c6752223,LONG,43920.3,44106.832375595965,trailing_stop,5,False,0.4974,47015.4,7.0471,True,46474.8,5.8162,True,45544.4,3.6978,True,46880.1,6.739,True,46077.9,4.9125,True,0.0
25e36e5e-1487-4455-9511-ea9a1cf9835d,LONG,45118.0,46452.46049182415,trailing_stop,6,False,1.5257,46741.4,3.5981,True,46725.9,3.5638,True,46426.0,2.8991,True,46528.4,3.126,True,43841.8,-2.8286,False,0.0
85956be0-7233-4c4a-ade7-febba3aaa6eb,LONG,46577.7,45550.20666240703,stop_loss,7,False,-0.4,45340.8,-2.6556,False,46137.2,-0.9457,False,46241.8,-0.7212,False,43689.1,-6.2017,False,42870.0,-7.9602,False,0.0
5aa16043-c979-4b7c-87e7-dd328bdcf426,LONG,45578.4,45700.134426243756,trailing_stop,15,False,0.3696,46528.4,2.0843,True,46208.5,1.3825,True,43111.9,-5.4116,False,42769.6,-6.1626,False,42752.4,-6.2003,False,0.0
8696bc60-6093-4950-9294-36e34533c2e3,LONG,48578.2,47226.21484256846,stop_loss,1,False,-1.0,46163.9,-4.9699,False,45483.1,-6.3714,False,42874.9,-11.7405,False,42824.0,-11.8452,False,42204.6,-13.1203,False,0.0
7c7967ef-fc52-4a0b-b98f-203d8f422edd,SHORT,42812.3,42234.42042648673,trailing_stop,29,False,0.8123,42566.4,-0.5744,True,42621.1,-0.4466,True,43200.2,0.906,False,42733.4,-0.1843,True,41350.0,-3.4156,True,0.0
dd05f922-6fda-4431-9dba-800bbef908eb,SHORT,42566.4,43150.32659599766,stop_loss,8,False,-1.0,42762.8,0.4614,False,43044.6,1.1234,False,42374.8,-0.4501,True,41823.0,-1.7464,True,41256.1,-3.0782,True,0.0
4cb7f32d-8b7c-44f8-87ee-735b839fb147,SHORT,42801.1,43356.87620940249,stop_loss,3,False,-0.4,42840.8,0.0928,False,42478.1,-0.7547,True,42629.3,-0.4014,True,40900.6,-4.4403,True,41567.1,-2.8831,True,0.0
831cf709-867b-4e74-99ba-31e5e549e0f4,SHORT,42744.8,42248.26222810829,trailing_stop,8,False,1.2692,41055.7,-3.9516,True,40900.6,-4.3144,True,41567.1,-2.7552,True,41647.1,-2.568,True,40774.0,-4.6106,True,0.0
4f9e96a4-cefe-47eb-b0f1-d99ba0f62ec5,SHORT,40973.2,41576.74566353804,stop_loss,4,False,-0.4,41629.5,1.6018,False,41583.0,1.4883,False,41671.7,1.7048,False,40719.6,-0.6189,True,39401.4,-3.8362,True,0.0
8c13b674-ee21-41ee-8e8f-53c1ab4f9f85,SHORT,39763.0,40562.01004303223,stop_loss,9,False,-1.0,39782.4,0.0488,False,40033.2,0.6795,False,40065.6,0.761,False,41649.1,4.7434,False,42559.0,7.0317,False,0.0
30c4fb2e-99a9-4a43-ab37-686cf017427d,SHORT,39912.7,40602.63374722864,stop_loss,44,False,-1.0,41974.0,5.1645,False,41649.1,4.3505,False,42559.0,6.6302,False,42279.6,5.9302,False,43306.0,8.5018,False,0.0
b2869751-552c-49ad-8ef3-089094e69167,LONG,41448.8,42511.84348379044,trailing_stop,20,False,1.6092,42242.1,1.9139,True,42303.1,2.0611,True,43503.9,4.9582,True,42912.4,3.5311,True,42003.0,1.3371,True,0.0
4d20a352-018d-40c3-a97b-856637dab382,SHORT,42534.0,42129.697870730684,trailing_stop,20,False,0.8232,42086.4,-1.0523,True,43151.3,1.4513,False,42908.3,0.88,False,42445.1,-0.209,True,43153.0,1.4553,False,0.0
8ab11390-6290-41d7-b6e1-58c6b140bbc0,LONG,42637.6,43301.6621146837,trailing_stop,15,False,1.1045,43370.6,1.7191,True,42958.7,0.7531,True,42148.6,-1.1469,False,43089.0,1.0587,True,43151.9,1.2062,True,0.0
1740f05f-a339-4c91-9304-bf78e621c4fb,LONG,43271.5,42709.69445079607,stop_loss,10,False,-1.0,42365.3,-2.0942,False,42625.5,-1.4929,False,42911.1,-0.8329,False,43178.9,-0.214,False,43016.2,-0.59,False,0.0
eaefc827-ef1c-4c31-8e73-4ae3e51fdbda,LONG,43330.0,42679.398891585486,stop_loss,5,False,-1.0,42181.6,-2.6504,False,43201.1,-0.2975,False,43041.0,-0.667,False,43040.6,-0.6679,False,42617.8,-1.6437,False,0.0
c8ef9129-e6b7-4045-92de-0dfb922bcb67,SHORT,43078.3,43078.3,stop_loss,52,False,0.3,42549.6,-1.2273,True,43128.5,0.1165,False,42780.8,-0.6906,True,42884.1,-0.4508,True,44799.9,3.9964,False,0.0
5f8eb303-7483-48f9-852f-642f40537757,SHORT,42617.8,42905.50098943322,stop_loss,1,False,-1.0,43047.2,1.0076,False,42754.2,0.3201,False,43260.0,1.5069,False,43595.2,2.2934,False,45249.1,6.1742,False,0.0
f09dc146-2b1b-4e92-a1f5-7e72f52708c8,LONG,43047.2,42610.72692201157,stop_loss,8,False,-0.4,42833.0,-0.4976,False,42915.6,-0.3057,False,43004.1,-0.1001,False,45048.7,4.6495,True,47034.7,9.2631,True,0.0
6de46644-e21e-4654-9e42-541fb6f33cc4,LONG,44108.9,44718.6599726303,trailing_stop,17,False,1.0836,45262.7,2.6158,True,47298.0,7.2301,True,47224.8,7.0641,True,48299.3,9.5001,True,48048.3,8.9311,True,0.0
853fbb2d-c90f-4f1c-9c76-90a8b4569346,SHORT,46195.5,46815.73835407709,stop_loss,4,False,-1.0,47256.9,2.2976,False,46883.6,1.4895,False,48160.5,4.2537,False,47880.8,3.6482,False,49875.1,7.9653,False,0.0
de07d6ee-3740-4841-825b-2f0e93f6cec8,SHORT,47585.2,48490.16566444207,stop_loss,33,False,-1.0,48239.7,1.3754,False,48172.8,1.2348,False,49972.2,5.0163,False,49514.4,4.0542,False,52090.5,9.4679,False,0.0
3b62c69f-5422-49a6-9ca9-10127d4bffc4,LONG,48163.1,48346.736302055244,trailing_stop,8,False,0.5166,50173.2,4.1735,True,49553.2,2.8862,True,51822.5,7.5979,True,52253.3,8.4924,True,52501.0,9.0067,True,0.0
c724fb99-70c2-4910-811e-4cdff57a869c,LONG,48861.4,50402.889398990905,trailing_stop,15,False,1.2579,51702.0,5.8136,True,51817.3,6.0496,True,51791.0,5.9957,True,51935.9,6.2923,True,51699.9,5.8093,True,0.0
8c1e9a8e-8f55-4979-b2b5-60aee62ecc2b,LONG,52656.4,51810.650132461364,stop_loss,1,False,-1.0,52198.1,-0.8704,False,51955.0,-1.332,False,50883.8,-3.3664,False,51932.1,-1.3755,False,52130.1,-0.9995,False,0.0
c29c5d63-925b-4542-8285-203cfdbceef3,LONG,52439.2,51909.44481541983,stop_loss,10,False,-1.0,51610.1,-1.5811,False,51706.3,-1.3976,False,51166.0,-2.428,False,51610.1,-1.5811,False,50934.4,-2.8696,False,0.0
11367d5d-65b0-4a5c-96e7-23a7e62c4269,LONG,52157.4,52390.7810375062,trailing_stop,3,False,0.5852,52191.5,0.0654,True,51316.3,-1.6126,False,51545.2,-1.1738,False,51013.4,-2.1934,False,51114.2,-2.0001,False,0.0
4dbe4e8e-f26f-471a-9c2a-8150a459f74c,SHORT,51630.1,51178.80475298445,trailing_stop,31,False,1.0499,54486.0,5.5315,False,56295.1,9.0354,False,59530.9,15.3027,False,62882.0,21.7933,False,61968.1,20.0232,False,0.0
26672243-7ef3-4a5f-923f-7f1f0c630b69,LONG,58330.0,58674.166196549115,trailing_stop,1,False,0.5379,61027.9,4.6252,True,62783.0,7.6342,True,61494.0,5.4243,True,62079.9,6.4288,True,61641.2,5.6767,True,0.0
58fce1a9-4cf0-4621-8ac2-9da8ee50e29d,LONG,60532.3,61315.1666530607,trailing_stop,3,False,0.7028,61636.5,1.8242,True,62811.1,3.7646,True,61331.4,1.3201,True,61838.1,2.1572,True,62220.1,2.7883,True,0.0
a27a98f9-bbf9-4a11-b835-f0e382e80713,LONG,62250.1,62250.1,stop_loss,48,False,0.0,61996.6,-0.4072,False,62220.1,-0.0482,False,66526.3,6.8694,True,66843.9,7.3796,True,66538.2,6.8885,True,0.0
2bb05b0c-114f-438c-beed-43c65e0a0710,LONG,66257.1,67816.87062090047,trailing_stop,13,False,1.069,68837.5,3.8945,True,62836.2,-5.1631,False,66175.8,-0.1227,False,67170.4,1.3784,True,68200.0,2.9324,True,0.0
a784ab35-5e65-4126-9da4-830d004a50ad,SHORT,66004.0,66004.0,stop_loss,48,False,0.0,68165.0,3.274,False,68360.0,3.5695,False,69650.3,5.5244,False,71557.3,8.4136,False,72108.0,9.2479,False,0.0
f64fe7fa-e82d-43f3-a9a1-8816e88c9895,LONG,67846.7,66800.13706943896,stop_loss,3,False,0.2,68290.1,0.6535,True,68338.9,0.7255,True,69253.1,2.0729,True,72051.0,6.1968,True,71792.4,5.8156,True,0.0
b456b3e1-c048-4279-9be3-cb2727725897,LONG,69484.1,68677.84576573991,stop_loss,10,False,-1.0,68374.9,-1.5963,False,71593.6,3.0359,True,72370.0,4.1533,True,72275.8,4.0178,True,71957.6,3.5598,True,0.0
13ba8987-5cd1-41ec-b4cc-d1d7ccb94783,SHORT,68148.8,69350.92257282122,stop_loss,6,False,-1.0,72552.3,6.4616,False,72049.3,5.7235,False,72236.9,5.9988,False,73223.8,7.4469,False,67489.9,-0.9669,True,0.0
cc0b3051-2d4c-4e28-9a7f-db5c5115b01a,LONG,71202.1,71543.93303307316,trailing_stop,20,False,0.4749,71728.8,0.7397,True,72047.7,1.1876,True,73106.2,2.6742,True,69104.1,-2.9465,False,69105.0,-2.9453,False,0.0
70157156-b8dc-4ddc-ab21-5c45c68e32ef,LONG,72370.0,70794.65722021517,stop_loss,2,False,-1.0,72047.7,-0.4454,False,72423.0,0.0732,True,71782.1,-0.8124,False,68675.3,-5.1053,False,68240.1,-5.7066,False,0.0
330b3d3b-7551-4f2a-b7d7-be462a84f10b,SHORT,70580.4,72254.9264665213,stop_loss,11,False,-0.4,72423.0,2.6106,False,73106.2,3.5786,False,69104.1,-2.0917,True,69105.0,-2.0904,True,66378.7,-5.9531,True,0.0
32180edd-a10d-4861-a93f-2f6f19e23642,SHORT,69319.4,66230.35616420186,trailing_stop,22,False,1.232,67210.6,-3.0421,True,68266.5,-1.5189,True,67724.1,-2.3014,True,62673.6,-9.5872,True,67699.3,-2.3372,True,0.0
8930148e-06e3-48dd-94b5-d027037d043c,SHORT,68266.5,66680.4318400072,trailing_stop,27,False,1.0249,63659.2,-6.749,True,63281.9,-7.3017,True,67670.9,-0.8725,True,65845.2,-3.5468,True,63606.0,-6.8269,True,0.0
3c34d54e-3962-48af-8a6a-4d1e511e6ff9,SHORT,66605.3,67859.218929858,stop_loss,13,False,-1.0,69941.0,5.0082,False,71174.1,6.8595,False,70252.3,5.4755,False,70930.0,6.493,False,70190.0,5.382,False,0.0
7580ef3d-fa13-4ebb-a74d-fcf0b2fde6bc,LONG,69431.0,70263.13407298703,trailing_stop,23,False,0.6417,70711.9,1.8449,True,70252.3,1.1829,True,70930.0,2.159,True,70190.0,1.0932,True,70281.9,1.2255,True,0.0
2ba6bffd-c119-45ee-8e02-b85bb46c18b8,LONG,70390.3,68644.50910174607,stop_loss,24,False,-1.0,69511.0,-1.2492,False,70934.3,0.7728,True,70510.0,0.1701,True,70214.0,-0.2505,False,70664.8,0.39,True,0.0
e07f1ecd-1f98-402b-99d4-11a3938775c5,LONG,71597.5,70324.48362777202,stop_loss,15,False,-1.0,69224.5,-3.3144,False,70133.2,-2.0452,False,70180.5,-1.9791,False,70516.4,-1.51,False,66620.0,-6.9521,False,0.0
62217404-abcf-4c93-b0e6-69fb185826c7,LONG,70956.0,70364.45779443679,stop_loss,11,False,-1.0,68613.7,-3.3011,False,66620.0,-6.1108,False,66347.7,-6.4946,False,65502.5,-7.6857,False,67651.8,-4.6567,False,0.0
92795297-8fae-41f7-89be-4d5eca428273,SHORT,68936.9,67781.00226702643,trailing_stop,12,False,1.1742,65242.8,-5.3587,True,65831.8,-4.5043,True,66165.7,-4.0199,True,68167.2,-1.1165,True,67698.9,-1.7958,True,0.0
edb7e98c-e8d8-481f-972e-bd4d718e0611,SHORT,66095.8,67329.3632976444,stop_loss,26,False,-1.0,68605.0,3.7963,False,66902.2,1.22,False,67747.8,2.4994,False,69322.1,4.8812,False,72234.0,9.2868,False,0.0
90ada319-ec46-4cd5-9e25-a8eb12045340,LONG,69049.6,69475.6055057502,trailing_stop,20,False,0.6858,69707.0,0.9521,True,71731.2,3.8836,True,68884.0,-0.2398,False,69379.4,0.4776,True,70242.0,1.7269,True,0.0
b081313b-8ade-4062-b298-12eea0aaf3aa,LONG,69070.0,70248.60833965204,trailing_stop,12,False,1.3651,71953.8,4.1752,True,70800.0,2.5047,True,69410.8,0.4934,True,70735.0,2.4106,True,70898.1,2.6467,True,0.0
6651fad6-9efd-494d-b82b-c2e1b16946d8,LONG,71993.2,70644.61222288372,stop_loss,22,False,-1.0,68884.0,-4.3187,False,69296.0,-3.7465,False,70614.4,-1.9152,False,70986.2,-1.3987,False,67329.7,-6.4777,False,0.0
ba58a645-5ad7-43cd-9ba3-920bd52e9637,SHORT,68951.8,70227.93035569947,stop_loss,12,False,-0.4,70614.2,2.411,False,70166.4,1.7615,False,66979.7,-2.8601,True,62891.2,-8.7896,True,63645.4,-7.6958,True,0.0
21d339ef-7ca0-4065-9250-27bc2f5f859a,SHORT,70566.2,70046.92269761799,trailing_stop,2,False,0.7054,65866.4,-6.6601,True,67531.5,-4.3005,True,64354.3,-8.8029,True,65823.5,-6.7209,True,62674.8,-11.183,True,0.0
e3d94fc3-b0fc-41b0-857f-377ccebf0b12,SHORT,67556.0,64055.03127205808,target_reached,5,False,2.2,64624.0,-4.3401,True,64381.4,-4.6992,True,63115.2,-6.5735,True,62992.9,-6.7545,True,61418.2,-9.0855,True,0.0
4c27568b-3021-47b9-9568-7e4ab0a4bddb,SHORT,64101.9,66239.49462962437,stop_loss,21,False,-1.0,63873.2,-0.3568,True,62677.9,-2.2215,True,63894.4,-0.3237,True,61024.9,-4.8002,True,62064.0,-3.1792,True,0.0
086c834c-fdb4-45f4-b2ec-21db5718119a,SHORT,62544.4,64257.58731447686,stop_loss,11,False,-1.0,63296.0,1.2017,False,60825.9,-2.7476,True,63471.5,1.4823,False,64026.1,2.369,False,64690.6,3.4315,False,0.0
f59acee8-2e47-4d24-9b64-d95f94907620,SHORT,61256.5,62806.4525165509,stop_loss,21,False,-0.4,63466.0,3.607,False,64753.1,5.7081,False,63532.3,3.7152,False,64927.0,5.992,False,66017.5,7.7722,False,0.0
ec220aa6-6788-4c1b-9e5c-26f51f54a68a,SHORT,63465.5,62219.682881003944,trailing_stop,10,False,0.7327,64930.9,2.309,False,63401.0,-0.1016,True,64730.0,1.9924,False,64879.9,2.2286,False,66983.9,5.5438,False,0.0
7caea526-7766-4fe8-801c-daa97aeea82c,LONG,64774.9,66504.97509137276,trailing_stop,55,False,1.4466,66043.3,1.9582,True,66326.0,2.3946,True,64376.2,-0.6155,False,64660.7,-0.1763,False,64034.1,-1.1437,False,0.0
87b71460-953e-4d71-94e4-09f780e54e6e,LONG,66883.9,65782.84165805337,stop_loss,23,False,-1.0,64520.2,-3.534,False,63390.2,-5.2235,False,64113.1,-4.1427,False,63013.1,-5.7873,False,63555.3,-4.9767,False,0.0
272c5132-db2a-4baa-a80f-f0ae7ae02a70,SHORT,63996.3,65192.751967164644,stop_loss,14,False,-0.4,64384.9,0.6072,False,63949.9,-0.0725,True,63251.9,-1.1632,True,63650.0,-0.5411,True,62942.0,-1.6474,True,0.0
382dd8d5-8cff-4811-a69b-5cca774bd6c9,SHORT,64069.7,63364.1537263244,trailing_stop,28,False,0.7413,63559.8,-0.7959,True,63738.5,-0.5169,True,61985.6,-3.2529,True,60800.1,-5.1032,True,57271.8,-10.6102,True,0.0
05c98fd6-97de-4144-a5ef-e559f983c05b,SHORT,63235.9,64249.32558937086,stop_loss,5,False,-1.0,63577.7,0.5405,False,62682.0,-0.8759,True,63746.3,0.8071,False,59910.0,-5.2595,True,57435.1,-9.1733,True,0.0
9311eceb-c19b-48e0-b8b2-cb8782514f3f,SHORT,63819.9,63228.93615849451,trailing_stop,22,False,0.8439,61985.6,-2.8742,True,63583.4,-0.3706,True,60112.5,-5.8092,True,57083.0,-10.5561,True,59292.7,-7.0937,True,0.0
ea678b55-aa17-4fd1-b411-10efcbd2ca54,SHORT,61985.6,62898.69319740602,stop_loss,1,False,-1.0,63583.4,2.5777,False,60800.1,-1.9125,True,57271.8,-7.6047,True,58417.3,-5.7567,True,61638.2,-0.5605,True,0.0
45ea7a3c-e2c2-4ee5-afaf-7f5dc5ca16e5,SHORT,63583.4,62449.862905366106,trailing_stop,7,False,1.0032,59276.4,-6.7738,True,57474.0,-9.6085,True,57651.3,-9.3296,True,59150.0,-6.9726,True,62926.5,-1.0331,True,0.0
d899eed8-ad6c-418d-a448-f0daecac67e1,SHORT,56936.4,59351.704457515356,stop_loss,20,False,-1.0,59518.3,4.5347,False,61579.9,8.1556,False,63778.8,12.0176,False,64076.1,12.5398,False,63213.4,11.0246,False,0.0
eba97ad6-94b2-4ce7-b41d-68cf42f69dc2,LONG,62871.8,63535.45696961101,trailing_stop,14,False,0.6607,63872.6,1.5918,True,63650.9,1.2392,True,65155.9,3.6329,True,64099.9,1.9533,True,62278.9,-0.943,False,0.0
48cd90eb-4161-4f8e-ad39-8275d383f112,SHORT,63690.2,64860.92453778599,stop_loss,43,False,-1.0,63205.6,-0.7609,True,63652.0,-0.06,True,62187.8,-2.3589,True,61233.8,-3.8568,True,63041.8,-1.0181,True,0.0
9bf9040e-2de4-41c0-973e-29402e00e050,SHORT,63577.1,62055.73364827582,trailing_stop,56,False,1.4229,61233.8,-3.6858,True,62426.2,-1.8102,True,60686.3,-4.5469,True,61127.2,-3.8534,True,61379.9,-3.456,True,0.0
0fc3d769-410a-4738-9bed-3a3c83e95a9a,SHORT,61835.3,62876.103846788326,stop_loss,6,False,-1.0,63108.5,2.059,False,60702.0,-1.8328,True,60896.0,-1.519,True,61199.9,-1.0276,True,62863.8,1.6633,False,0.0
6b308b76-9524-420b-8232-28d62bf4faec,LONG,63276.3,62443.19835633097,stop_loss,3,False,-1.0,60857.4,-3.8228,False,60956.2,-3.6666,False,61179.2,-3.3142,False,62738.5,-0.8499,False,61675.2,-2.5303,False,0.0
9940b4ab-1905-4dd9-b34c-df2afe708de6,SHORT,62769.5,62204.821880791686,trailing_stop,21,False,0.7247,61664.5,-1.7604,True,64098.0,2.1165,False,66298.8,5.6226,False,65915.2,5.0115,False,66836.6,6.4794,False,0.0
8dea0cfc-8f29-4a2f-9cc8-bb0d719f9913,SHORT,62444.8,63271.00846558481,stop_loss,1,False,-1.0,66185.4,5.9903,False,66476.1,6.4558,False,66194.7,6.0051,False,67165.2,7.5593,False,67299.9,7.775,False,0.0
72dee98b-d0e8-49a0-87ad-3257e0454ca5,LONG,64098.0,65627.72307152874,trailing_stop,17,False,1.0695,64982.7,1.3802,True,65675.8,2.4615,True,66827.9,4.2589,True,67072.5,4.6406,True,67113.4,4.7044,True,0.0
1a659059-8017-47e4-a66f-e8614142b64e,SHORT,65970.0,67154.71277561577,stop_loss,27,False,-0.4,66875.9,1.3732,False,66760.9,1.1989,False,66892.8,1.3988,False,66960.0,1.5007,False,70221.6,6.4447,False,0.0
72a647db-bed4-41aa-9452-6f5bb74c6e4c,LONG,66850.4,66137.92834635254,stop_loss,36,False,-0.4,66379.5,-0.7044,False,68677.5,2.7331,True,69879.0,4.5304,True,69616.3,4.1374,True,67442.2,0.8853,True,0.0
6ab3726f-937a-407e-8f1f-fbd864255c78,LONG,70221.6,68817.72685333941,stop_loss,31,False,-1.0,69744.1,-0.68,False,67850.3,-3.3769,False,68840.2,-1.9672,False,69104.8,-1.5904,False,68730.0,-2.1241,False,0.0
9724bb1b-cdf4-4ae0-969d-c02a35cbe341,LONG,67850.3,68878.14227255654,trailing_stop,41,False,0.8327,69164.9,1.9375,True,69009.9,1.7091,True,68654.7,1.1856,True,68216.3,0.5394,True,67931.1,0.1191,True,0.0
eb87e162-f2b1-43b1-b1ba-7de6dc885503,LONG,68950.0,68273.95404219066,stop_loss,29,False,-1.0,68643.9,-0.4439,False,69685.1,1.0661,True,68367.9,-0.8442,False,67504.3,-2.0967,False,68477.8,-0.6848,False,0.0
a1eab7ce-649c-49f1-acbc-5b290abaf463,SHORT,67716.5,68863.04353134034,stop_loss,10,False,-1.0,67918.4,0.2982,False,67831.3,0.1695,False,68438.2,1.0658,False,67579.7,-0.202,True,67780.7,0.0948,False,0.0
0bb4dfb5-2a10-4607-b576-104a01c24d86,SHORT,44955.04,45443.12,stop_loss,14,False,-1.0,45113.67,0.3529,False,44901.33,-0.1195,True,44871.02,-0.1869,True,45321.86,0.816,False,44570.09,-0.8563,True,0.0
f9f36612-3d3b-4a8f-bc16-5020904e1430,LONG,45113.67,44629.21,stop_loss,15,False,-1.0,44840.35,-0.6058,False,45044.43,-0.1535,False,45181.25,0.1498,True,44639.56,-1.0509,False,44822.16,-0.6462,False,0.0
f1f074be-a2ad-464e-a290-f131aa86ed9d,SHORT,44851.96,45327.92,stop_loss,16,False,-1.0,45187.78,0.7487,False,45011.76,0.3563,False,44779.04,-0.1626,True,44605.78,-0.5489,True,45446.65,1.3259,False,0.0
849ea15b-ead0-4bbe-b5ff-e37e1e12ab63,SHORT,44955.04,45443.12,stop_loss,14,False,-1.0,45113.67,0.3529,False,44901.33,-0.1195,True,44871.02,-0.1869,True,45321.86,0.816,False,44570.09,-0.8563,True,0.0
7c62e8a6-7170-481d-b3fc-4549bf741c2d,LONG,45113.67,44629.21,stop_loss,15,False,-1.0,44840.35,-0.6058,False,45044.43,-0.1535,False,45181.25,0.1498,True,44639.56,-1.0509,False,44822.16,-0.6462,False,0.0
6794779b-5033-45bf-aa15-d525d5f099c8,SHORT,44851.96,45327.92,stop_loss,16,False,-1.0,45187.78,0.7487,False,45011.76,0.3563,False,44779.04,-0.1626,True,44605.78,-0.5489,True,45446.65,1.3259,False,0.0
ed683c80-5f75-4d4a-b035-4ccbfa5a4b9f,LONG,66912.51,66092.75,stop_loss,7,False,-1.0,65549.13,-2.0376,False,64646.38,-3.3867,False,63005.19,-5.8394,False,61270.46,-8.432,False,60340.75,-9.8214,False,0.0
221ff973-6d0f-4031-9c11-7024f27b6b5b,LONG,66912.51,66092.75,stop_loss,7,False,-1.0,65549.13,-2.0376,False,64646.38,-3.3867,False,63005.19,-5.8394,False,61270.46,-8.432,False,60340.75,-9.8214,False,0.0
6c39b8ad-abcd-42ac-881a-22231aa69811,LONG,66912.51,66092.75,stop_loss,7,False,-1.0,65549.13,-2.0376,False,64646.38,-3.3867,False,63005.19,-5.8394,False,61270.46,-8.432,False,60340.75,-9.8214,False,0.0
cba066c0-c0a3-446b-9e2b-85697f5577c1,LONG,66912.51,66092.75,stop_loss,7,False,-1.0,65549.13,-2.0376,False,64646.38,-3.3867,False,63005.19,-5.8394,False,61270.46,-8.432,False,60340.75,-9.8214,False,0.0
3234e8ed-efe7-4759-a5ad-887417f43e01,LONG,66912.51,66092.75,stop_loss,7,False,-1.0,65549.13,-2.0376,False,64646.38,-3.3867,False,63005.19,-5.8394,False,61270.46,-8.432,False,60340.75,-9.8214,False,0.0
23166cee-56f9-48c6-8e64-8b3476045ada,LONG,60434.95,61435.99,trailing_stop,16,False,1.4099,62116.87,2.783,True,62943.58,4.151,True,63910.73,5.7513,True,65177.88,7.848,True,70375.04,16.4476,True,0.0
b886f3ff-a5dd-4687-97e5-df27865eeb86,LONG,61463.9,62579.51,trailing_stop,24,False,1.4423,63796.69,3.7954,True,64156.88,4.3814,True,65778.67,7.02,True,71035.43,15.5726,True,70500.0,14.7015,True,0.0
f2f00df6-301c-4150-9dbf-03ddc7a04ff6,LONG,62760.37,63862.92,trailing_stop,16,False,1.1407,64393.73,2.6025,True,65462.07,4.3048,True,69802.11,11.22,True,70100.0,11.6947,True,,,,0.0
d76aa13e-4802-446f-b2fe-2069f7026162,LONG,65523.64,67471.24,trailing_stop,11,False,1.8243,70375.04,7.404,True,70200.0,7.1369,True,70481.78,7.5669,True,,,,,,,0.0
5f58f2c0-cb55-4132-90b3-9eeb0d0540c8,LONG,60434.95,61435.99,trailing_stop,16,False,1.4099,62116.87,2.783,True,62943.58,4.151,True,63910.73,5.7513,True,65177.88,7.848,True,70375.04,16.4476,True,0.0
7bdfd537-4162-4676-a09a-d2ef3c45741d,LONG,61463.9,62579.51,trailing_stop,24,False,1.4423,63796.69,3.7954,True,64156.88,4.3814,True,65778.67,7.02,True,71035.43,15.5726,True,70500.0,14.7015,True,0.0
93146e0a-87e2-40fd-a9a2-3c6e321d9f7c,LONG,62760.37,63862.92,trailing_stop,16,False,1.1407,64393.73,2.6025,True,65462.07,4.3048,True,69802.11,11.22,True,70100.0,11.6947,True,,,,0.0
e690607a-33d8-485c-9c76-3d9d28520857,LONG,65523.64,67471.24,trailing_stop,11,False,1.8243,70375.04,7.404,True,70200.0,7.1369,True,70481.78,7.5669,True,,,,,,,0.0
e0b49a7e-b0d5-443b-aefd-af55dfd3daee,LONG,60434.95,61435.99,trailing_stop,16,False,1.4099,62116.87,2.783,True,62943.58,4.151,True,63910.73,5.7513,True,65177.88,7.848,True,70375.04,16.4476,True,0.0
52cd97f4-a7a5-40d7-874c-8851e65fb16a,LONG,61463.9,62579.51,trailing_stop,24,False,1.4423,63796.69,3.7954,True,64156.88,4.3814,True,65778.67,7.02,True,71035.43,15.5726,True,70500.0,14.7015,True,0.0
c49f19d9-4d85-48f0-8f7f-873a998482d4,LONG,62760.37,63862.92,trailing_stop,16,False,1.1407,64393.73,2.6025,True,65462.07,4.3048,True,69802.11,11.22,True,70100.0,11.6947,True,,,,0.0
2a243886-a043-4454-abd3-26d1489ee0c0,LONG,65523.64,67471.24,trailing_stop,11,False,1.8243,70375.04,7.404,True,70200.0,7.1369,True,70481.78,7.5669,True,,,,,,,0.0
d7adbb7b-1164-420c-9cb6-7d4b12fc34a1,LONG,60434.95,61435.99,trailing_stop,16,False,1.4099,62116.87,2.783,True,62943.58,4.151,True,63910.73,5.7513,True,65177.88,7.848,True,70375.04,16.4476,True,0.0
87bf1629-ced0-4fb1-8a90-a7bdafc02b16,LONG,61463.9,62579.51,trailing_stop,24,False,1.4423,63796.69,3.7954,True,64156.88,4.3814,True,65778.67,7.02,True,71035.43,15.5726,True,70500.0,14.7015,True,0.0
7effdf80-97aa-4681-b1f9-693b3037d374,LONG,62760.37,63862.92,trailing_stop,16,False,1.1407,64393.73,2.6025,True,65462.07,4.3048,True,69802.11,11.22,True,70100.0,11.6947,True,,,,0.0
f6591a09-a7e2-4cac-af65-ab6c32268d70,LONG,65523.64,67471.24,trailing_stop,11,False,1.8243,70375.04,7.404,True,70200.0,7.1369,True,70481.78,7.5669,True,,,,,,,0.0
1cbcdba1-4549-45e8-bbbd-d329e2567fa4,LONG,60434.95,61435.99,trailing_stop,16,False,1.4099,62116.87,2.783,True,62943.58,4.151,True,63910.73,5.7513,True,65177.88,7.848,True,70375.04,16.4476,True,0.0
ffc8e9a9-e465-491b-bab0-eabe5893cade,LONG,61463.9,62579.51,trailing_stop,24,False,1.4423,63796.69,3.7954,True,64156.88,4.3814,True,65778.67,7.02,True,71035.43,15.5726,True,70500.0,14.7015,True,0.0
79cef358-f4db-4fec-a0f1-ee5a285d5cae,LONG,62760.37,63862.92,trailing_stop,16,False,1.1407,64393.73,2.6025,True,65462.07,4.3048,True,69802.11,11.22,True,70100.0,11.6947,True,,,,0.0
ff4d0d58-1738-49c9-8ac9-1b44cb5cb6ee,LONG,65523.64,67471.24,trailing_stop,11,False,1.8243,70375.04,7.404,True,70200.0,7.1369,True,70481.78,7.5669,True,,,,,,,0.0
249a3a82-280c-4c71-9504-f49f2f6c8ef4,LONG,60434.95,61435.99,trailing_stop,16,False,1.4099,62116.87,2.783,True,62943.58,4.151,True,63910.73,5.7513,True,65177.88,7.848,True,70375.04,16.4476,True,0.0
093028aa-ff67-4111-9507-9e4a0c411272,LONG,61463.9,62579.51,trailing_stop,24,False,1.4423,63796.69,3.7954,True,64156.88,4.3814,True,65778.67,7.02,True,71035.43,15.5726,True,70500.0,14.7015,True,0.0
67e21d30-5144-434c-af06-42632ae5ac15,LONG,62760.37,63862.92,trailing_stop,16,False,1.1407,64393.73,2.6025,True,65462.07,4.3048,True,69802.11,11.22,True,70100.0,11.6947,True,,,,0.0
9f835c80-faa6-4f1d-8c65-10900af5a190,LONG,65523.64,67471.24,trailing_stop,11,False,1.8243,70375.04,7.404,True,70200.0,7.1369,True,70481.78,7.5669,True,,,,,,,0.0
b8a7f75a-5a5a-427c-b1be-cfe0b6260dda,LONG,60434.95,61435.99,trailing_stop,16,False,1.4099,62116.87,2.783,True,62943.58,4.151,True,63910.73,5.7513,True,65177.88,7.848,True,70375.04,16.4476,True,0.0
12c0f83e-cfc9-40f4-9b0a-c99729e4dc52,LONG,61463.9,62579.51,trailing_stop,24,False,1.4423,63796.69,3.7954,True,64156.88,4.3814,True,65778.67,7.02,True,71035.43,15.5726,True,70894.93,15.344,True,0.0
4f083c39-32f6-4ca9-aac2-31ec06af7231,LONG,62760.37,63862.92,trailing_stop,16,False,1.1407,64393.73,2.6025,True,65462.07,4.3048,True,69802.11,11.22,True,70100.0,11.6947,True,,,,0.0
14eade89-c5db-4297-a583-8a8fe8e58852,LONG,65523.64,67471.24,trailing_stop,11,False,1.8243,70375.04,7.404,True,70200.0,7.1369,True,,,,,,,,,,0.0
c51e2bcd-9617-4cfc-beeb-99a8b35928cc,LONG,60434.95,61435.99,trailing_stop,16,False,1.4099,62116.87,2.783,True,62943.58,4.151,True,63910.73,5.7513,True,65177.88,7.848,True,70375.04,16.4476,True,0.0
17c57889-2ca1-419b-b0d9-43b706a9dde6,LONG,61463.9,62579.51,trailing_stop,24,False,1.4423,63796.69,3.7954,True,64156.88,4.3814,True,65778.67,7.02,True,71035.43,15.5726,True,70500.0,14.7015,True,0.0
3f0b8097-0929-419c-82b6-b45aeba356f4,LONG,62760.37,63862.92,trailing_stop,16,False,1.1407,64393.73,2.6025,True,65462.07,4.3048,True,69802.11,11.22,True,70100.0,11.6947,True,,,,0.0
7f12a773-07b7-4912-832a-033384c703e9,LONG,65523.64,67471.24,trailing_stop,11,False,1.8243,70375.04,7.404,True,70200.0,7.1369,True,70481.78,7.5669,True,,,,,,,0.0
aee6bbef-315e-4886-9696-b2613c714d56,LONG,60434.95,61435.99,trailing_stop,16,False,1.4099,62116.87,2.783,True,62943.58,4.151,True,63910.73,5.7513,True,65177.88,7.848,True,70332.9,16.3779,True,0.0
ef5f8591-96ca-4641-8d8d-4afa718f656f,LONG,61463.9,62579.51,trailing_stop,24,False,1.4423,63796.69,3.7954,True,64156.88,4.3814,True,65776.75,7.0169,True,70987.54,15.4947,True,70600.0,14.8642,True,0.0
99f3ed10-8fdb-45d9-81e5-de30c04a2361,LONG,62760.37,63862.92,trailing_stop,16,False,1.1407,64393.73,2.6025,True,65462.07,4.3048,True,69765.71,11.162,True,69950.0,11.4557,True,,,,0.0
278ad7a7-14bc-4520-aacc-e7cfd73427df,LONG,65523.64,67451.562,trailing_stop,11,False,1.8129,70332.9,7.3397,True,70400.0,7.4421,True,72332.37,10.3913,True,,,,,,,0.0
4a1584cf-8780-464b-b047-2b6cd8c67398,LONG,60434.95,61435.99,trailing_stop,16,False,1.4099,62116.87,2.783,True,62943.58,4.151,True,63910.73,5.7513,True,65177.88,7.848,True,70332.9,16.3779,True,0.0
68523c3a-323f-47a8-8ccd-723cea285396,LONG,61463.9,62579.51,trailing_stop,24,False,1.4423,63796.69,3.7954,True,64156.88,4.3814,True,65776.75,7.0169,True,70987.54,15.4947,True,70600.0,14.8642,True,0.0
5d21e526-6f5c-4613-993e-fa1aff579376,LONG,62760.37,63862.92,trailing_stop,16,False,1.1407,64393.73,2.6025,True,65462.07,4.3048,True,69765.71,11.162,True,69950.0,11.4557,True,,,,0.0
2ae68d63-f9f2-44fa-8478-d7741137f445,LONG,65523.64,67451.562,trailing_stop,11,False,1.8129,70332.9,7.3397,True,70400.0,7.4421,True,72332.37,10.3913,True,,,,,,,0.0
a6a14043-d80a-4d7c-9bea-31231ba16572,LONG,60434.95,61435.99,trailing_stop,16,False,1.4099,62116.87,2.783,True,62943.58,4.151,True,63910.73,5.7513,True,65177.88,7.848,True,70332.9,16.3779,True,0.0
6161b71d-3c37-4e58-9eb7-4dab6c1c7310,LONG,61463.9,62579.51,trailing_stop,24,False,1.4423,63796.69,3.7954,True,64156.88,4.3814,True,65776.75,7.0169,True,70987.54,15.4947,True,70600.0,14.8642,True,0.0
fa5e2de6-3117-477e-ad46-58c7d8644b1a,LONG,62760.37,63862.92,trailing_stop,16,False,1.1407,64393.73,2.6025,True,65462.07,4.3048,True,69765.71,11.162,True,69950.0,11.4557,True,,,,0.0
c89be332-bef2-4194-8add-066ac33ac03c,LONG,65523.64,67451.562,trailing_stop,11,False,1.8129,70332.9,7.3397,True,70400.0,7.4421,True,72332.37,10.3913,True,,,,,,,0.0
34c92e20-a808-40a1-a700-72a577310f8a,LONG,60434.95,61435.99,trailing_stop,16,False,1.4099,62116.87,2.783,True,62943.58,4.151,True,63910.73,5.7513,True,65177.88,7.848,True,70332.9,16.3779,True,0.0
b1ea3165-b133-4d22-8562-7af59dcf21c2,LONG,61463.9,62579.51,trailing_stop,24,False,1.4423,63796.69,3.7954,True,64156.88,4.3814,True,65776.75,7.0169,True,70987.54,15.4947,True,70600.0,14.8642,True,0.0
b0c80a06-01f9-48ef-a1cf-904b1e89a185,LONG,62760.37,63862.92,trailing_stop,16,False,1.1407,64393.73,2.6025,True,65462.07,4.3048,True,69765.71,11.162,True,69950.0,11.4557,True,,,,0.0
f812522a-d21b-4528-abb9-e6fd0984f3de,LONG,65523.64,67451.562,trailing_stop,11,False,1.8129,70332.9,7.3397,True,70400.0,7.4421,True,72332.37,10.3913,True,,,,,,,0.0
8f7acd94-bb21-4d56-af2b-5d5e5af9c7dc,LONG,60434.95,61435.99,trailing_stop,16,False,1.4099,62116.87,2.783,True,62943.58,4.151,True,63910.73,5.7513,True,65177.88,7.848,True,70375.04,16.4476,True,0.0
536cd55f-d8ed-4e55-a230-aac9f2d82652,LONG,61463.9,62579.51,trailing_stop,24,False,1.4423,63796.69,3.7954,True,64156.88,4.3814,True,65778.67,7.02,True,71035.43,15.5726,True,70500.0,14.7015,True,0.0
bb6a1f58-c7ec-4d31-8305-acc6ec2f7056,LONG,62760.37,63862.92,trailing_stop,16,False,1.1407,64393.73,2.6025,True,65462.07,4.3048,True,69802.11,11.22,True,70100.0,11.6947,True,,,,0.0
0e429775-8878-434c-9303-749b61300b8d,LONG,65523.64,67471.24,trailing_stop,11,False,1.8243,70375.04,7.404,True,70200.0,7.1369,True,70481.78,7.5669,True,,,,,,,0.0
d1ab4cc2-144a-4573-948d-88a97bd50757,LONG,60434.95,61435.99,trailing_stop,16,False,1.4099,62116.87,2.783,True,62943.58,4.151,True,63910.73,5.7513,True,65177.88,7.848,True,70375.04,16.4476,True,0.0
7859feeb-7085-44b2-9e4d-14674ce66103,LONG,61463.9,62579.51,trailing_stop,24,False,1.4423,63796.69,3.7954,True,64156.88,4.3814,True,65778.67,7.02,True,71035.43,15.5726,True,70894.93,15.344,True,0.0
c4cb7b50-3773-4ca5-be5e-6ae698486413,LONG,62760.37,63862.92,trailing_stop,16,False,1.1407,64393.73,2.6025,True,65462.07,4.3048,True,69802.11,11.22,True,70100.0,11.6947,True,,,,0.0
9f05791f-ae8e-4ce3-a82f-f1559c74132d,LONG,65523.64,67471.24,trailing_stop,11,False,1.8243,70375.04,7.404,True,70200.0,7.1369,True,,,,,,,,,,0.0
65eb6839-db9b-4ac3-ac9a-8f8696756686,LONG,60434.95,61435.99,trailing_stop,16,False,1.4099,62116.87,2.783,True,62943.58,4.151,True,63910.73,5.7513,True,65177.88,7.848,True,70375.04,16.4476,True,0.0
04c4499f-cba0-4e79-86ed-d100db4783b5,LONG,61463.9,62579.51,trailing_stop,24,False,1.4423,63796.69,3.7954,True,64156.88,4.3814,True,65778.67,7.02,True,71035.43,15.5726,True,70500.0,14.7015,True,0.0
9efb54b9-ecda-4331-aca8-d12e5224ef3e,LONG,62760.37,63862.92,trailing_stop,16,False,1.1407,64393.73,2.6025,True,65462.07,4.3048,True,69802.11,11.22,True,70100.0,11.6947,True,,,,0.0
583e2095-a4ea-42d5-91e9-841b44f3f62d,LONG,65523.64,67471.24,trailing_stop,11,False,1.8243,70375.04,7.404,True,70200.0,7.1369,True,70481.78,7.5669,True,,,,,,,0.0
067cf463-56e7-42ed-81ab-477e17ddb2fb,LONG,60434.95,61435.99,trailing_stop,16,False,1.4099,62116.87,2.783,True,62943.58,4.151,True,63910.73,5.7513,True,65177.88,7.848,True,70332.9,16.3779,True,0.0
67ea62b0-a282-4252-8156-702e9f36d6b6,LONG,61463.9,62579.51,trailing_stop,24,False,1.4423,63796.69,3.7954,True,64156.88,4.3814,True,65776.75,7.0169,True,70987.54,15.4947,True,70600.0,14.8642,True,0.0
4672b55b-92b8-48c6-b1b2-a5a4eb8a8cd8,LONG,62760.37,63862.92,trailing_stop,16,False,1.1407,64393.73,2.6025,True,65462.07,4.3048,True,69765.71,11.162,True,69950.0,11.4557,True,,,,0.0
e9b36c4d-2a07-449e-9398-0db6caa69f7b,LONG,65523.64,67451.562,trailing_stop,11,False,1.8129,70332.9,7.3397,True,70400.0,7.4421,True,72332.37,10.3913,True,,,,,,,0.0
b57ff5b1-72c4-4ba0-844d-9d6c36f63bfa,LONG,60434.95,61435.99,trailing_stop,16,False,1.4099,62116.87,2.783,True,62943.58,4.151,True,63910.73,5.7513,True,65177.88,7.848,True,70375.04,16.4476,True,0.0
74c47b39-e185-4de5-a3de-6ba4d51da5b4,LONG,61463.9,62579.51,trailing_stop,24,False,1.4423,63796.69,3.7954,True,64156.88,4.3814,True,65778.67,7.02,True,71035.43,15.5726,True,70894.93,15.344,True,0.0
e747209a-f808-45df-8c49-4c10e71a6363,LONG,62760.37,63862.92,trailing_stop,16,False,1.1407,64393.73,2.6025,True,65462.07,4.3048,True,69802.11,11.22,True,70100.0,11.6947,True,,,,0.0
f551dc5a-242c-4d60-a136-ccb6f04d54dc,LONG,65523.64,67471.24,trailing_stop,11,False,1.8243,70375.04,7.404,True,70200.0,7.1369,True,,,,,,,,,,0.0
de61b6f8-df5a-470d-925a-4b370eb0dd68,SHORT,61160.87,61856.59,stop_loss,7,False,-1.0,62006.16,1.3821,False,62485.3,2.1655,False,63418.48,3.6913,False,64458.55,5.3918,False,65523.11,7.1324,False,0.0
d93f535c-a2d1-4ed1-972f-5bd1d4a766a6,LONG,63671.36,64182.84,trailing_stop,17,False,0.7034,65289.96,2.5421,True,65312.58,2.5776,True,66262.91,4.0702,True,67131.43,5.4343,True,60449.87,-5.0596,False,0.0
219c8821-7642-425a-8669-8f02742d5ea5,LONG,66191.88,67107.4,trailing_stop,27,False,1.328,61500.0,-7.0883,False,60500.0,-8.5991,False,55169.73,-16.6518,False,,,,,,,0.0
982bb976-2ef7-4d61-9197-24ec207459d3,LONG,62789.01,63842.93,trailing_stop,16,False,1.1192,64407.99,2.5784,True,65447.1,4.2334,True,69796.68,11.1607,True,70100.0,11.6437,True,,,,0.0
e2b0c494-c0d5-42d6-9ddd-35212a526f2c,LONG,65520.69,67256.106,trailing_stop,10,False,1.7266,70184.53,7.1181,True,70400.0,7.447,True,71538.32,9.1843,True,,,,,,,0.0
3ce85a9b-0eab-4a6d-9e90-4934bbb3739b,LONG,66912.51,66092.75,stop_loss,7,False,-1.0,65549.13,-2.0376,False,64646.38,-3.3867,False,63005.19,-5.8394,False,61270.46,-8.432,False,60340.75,-9.8214,False,0.0
5242a066-55a1-4b77-a732-08b8cbdc13b7,LONG,60394.0,60989.84,trailing_stop,23,False,0.816,61660.32,2.0968,True,61896.14,2.4872,True,62234.52,3.0475,True,62691.86,3.8048,True,63527.78,5.1889,True,0.0
36be6cc5-5bc2-4c01-a070-7101452ac562,LONG,61544.4,61749.43,trailing_stop,9,False,0.4912,62000.05,0.7404,True,62713.34,1.8993,True,63251.74,2.7742,True,63529.4,3.2253,True,66645.82,8.289,True,0.0
1714ec32-66ad-4a65-a23d-eb8c7549e9b7,LONG,62140.85,62936.03,trailing_stop,11,False,0.996,63032.91,1.4355,True,63684.19,2.4836,True,64407.91,3.6483,True,68444.38,10.1439,True,71368.99,14.8504,True,0.0
ee41398e-f316-4f4c-b4dc-fd820a057470,LONG,63032.91,63788.77,trailing_stop,18,False,0.993,64000.0,1.5343,True,65766.47,4.3367,True,68963.35,9.4085,True,71800.0,13.9088,True,72696.84,15.3316,True,0.0
9ad431e3-c4a6-43fd-b48e-7e6ea77db5a3,LONG,64000.0,64848.26,trailing_stop,10,False,1.2063,67224.98,5.039,True,68720.65,7.376,True,71548.47,11.7945,True,72264.11,12.9127,True,,,,0.0
1cb79883-be1d-468f-9382-eb8318b2ab38,LONG,61027.47,62093.39,trailing_stop,16,False,1.4367,63018.68,3.2628,True,63433.25,3.9421,True,64522.45,5.7269,True,66032.62,8.2015,True,64308.22,5.3759,True,0.0
c810fd3d-427d-461b-8042-7301b2110804,LONG,65690.97,66592.17,trailing_stop,21,False,1.057,63793.02,-2.8892,False,63554.7,-3.252,False,58222.29,-11.3694,False,54422.47,-17.1538,False,52000.0,-20.8415,False,0.0
86219a88-0b8a-4351-9f58-61fa2a356483,LONG,63595.25,64531.48,trailing_stop,23,False,1.1414,64140.87,0.858,True,65309.52,2.6956,True,65963.63,3.7241,True,68228.6,7.2857,True,70811.14,11.3466,True,0.0
ca0b66d6-7b29-4888-a8ca-e1e9ebb0b556,LONG,65226.6,65676.405,trailing_stop,9,False,0.7334,65331.76,0.1612,True,68228.6,4.6024,True,70811.14,8.5618,True,74353.27,13.9923,True,,,,0.0
d42e95fb-f5b4-4ef6-a6a4-dc08bb7b5471,LONG,65331.76,65551.575,trailing_stop,1,False,0.5031,68228.6,4.434,True,68755.35,5.2403,True,73330.98,12.244,True,76796.6,17.5486,True,,,,0.0
c41fa432-9322-4a61-8ab4-6f32a8699879,SHORT,44955.04,45443.12,stop_loss,14,False,-1.0,45113.67,0.3529,False,44901.33,-0.1195,True,44871.02,-0.1869,True,45321.86,0.816,False,44570.09,-0.8563,True,0.0
1834c894-2dfb-4ae5-a774-64b7222ceb88,LONG,45113.67,44629.21,stop_loss,15,False,-1.0,44840.35,-0.6058,False,45044.43,-0.1535,False,45181.25,0.1498,True,44639.56,-1.0509,False,44822.16,-0.6462,False,0.0
dc23819a-a627-405e-94d1-4ac423615897,SHORT,44851.96,45327.92,stop_loss,16,False,-1.0,45187.78,0.7487,False,45011.76,0.3563,False,44779.04,-0.1626,True,44605.78,-0.5489,True,45446.65,1.3259,False,0.0
3416039b-d121-44e3-aaa7-1de36960ea33,LONG,60394.0,60989.84,trailing_stop,23,False,0.816,61660.32,2.0968,True,61896.14,2.4872,True,62234.52,3.0475,True,62691.86,3.8048,True,63527.78,5.1889,True,0.0
32301c82-083f-404b-bf2e-234e9f363f83,LONG,61544.4,61749.43,trailing_stop,9,False,0.4912,62000.05,0.7404,True,62713.34,1.8993,True,63251.74,2.7742,True,63529.4,3.2253,True,66645.82,8.289,True,0.0
f6d47020-4f7e-46aa-81b9-abae3c21f5ca,LONG,62140.85,62936.03,trailing_stop,11,False,0.996,63032.91,1.4355,True,63684.19,2.4836,True,64407.91,3.6483,True,68444.38,10.1439,True,71368.99,14.8504,True,0.0
db73964d-8c59-4f9f-9768-0ab7e08cfa29,LONG,63032.91,63788.77,trailing_stop,18,False,0.993,64000.0,1.5343,True,65766.47,4.3367,True,68963.35,9.4085,True,71800.0,13.9088,True,72696.84,15.3316,True,0.0
5467814c-e5e7-4cb5-a610-10a2d11998cc,LONG,64000.0,64848.26,trailing_stop,10,False,1.2063,67224.98,5.039,True,68720.65,7.376,True,71548.47,11.7945,True,72264.11,12.9127,True,,,,0.0
a7a60628-47b8-493f-9081-3506529a35a3,LONG,65000.0,62500.0,stop_loss,0,False,-1.0,,,,,,,,,,,,,,,,0.0
00bed682-5868-408c-ac88-26d572815a1c,SHORT,44955.04,45443.12,stop_loss,14,False,-1.0,45113.67,0.3529,False,44901.33,-0.1195,True,44871.02,-0.1869,True,45321.86,0.816,False,44570.09,-0.8563,True,0.0
1e5b3d9c-b3ae-4d21-8842-b69d265e1cf1,LONG,45113.67,44629.21,stop_loss,15,False,-1.0,44840.35,-0.6058,False,45044.43,-0.1535,False,45181.25,0.1498,True,44639.56,-1.0509,False,44822.16,-0.6462,False,0.0
8212a444-350f-466f-82f1-12675d429d0d,SHORT,44851.96,45327.92,stop_loss,16,False,-1.0,45187.78,0.7487,False,45011.76,0.3563,False,44779.04,-0.1626,True,44605.78,-0.5489,True,45446.65,1.3259,False,0.0
12d9e803-fc19-4bb1-86e3-413c6d05e4db,SHORT,44955.04,45443.12,stop_loss,14,False,-1.0,45113.67,0.3529,False,44901.33,-0.1195,True,44871.02,-0.1869,True,45321.86,0.816,False,44570.09,-0.8563,True,0.0
f605a37e-97e8-42cf-9821-f324a364ef41,LONG,45113.67,44629.21,stop_loss,15,False,-1.0,44840.35,-0.6058,False,45044.43,-0.1535,False,45181.25,0.1498,True,44639.56,-1.0509,False,44822.16,-0.6462,False,0.0
ad28def4-3b69-4f5b-b261-d947ee7471cf,SHORT,44851.96,45327.92,stop_loss,16,False,-1.0,45187.78,0.7487,False,45011.76,0.3563,False,44779.04,-0.1626,True,44605.78,-0.5489,True,45446.65,1.3259,False,0.0
369bf8b8-da2c-4749-9e97-60c0b43ad77a,LONG,66912.51,66092.75,stop_loss,7,False,-1.0,65549.13,-2.0376,False,64646.38,-3.3867,False,63005.19,-5.8394,False,61270.46,-8.432,False,60340.75,-9.8214,False,0.0
73033f40-9c9e-46ea-b80e-6356ca1ba8a9,LONG,66912.51,66092.75,stop_loss,7,False,-1.0,65549.13,-2.0376,False,64646.38,-3.3867,False,63005.19,-5.8394,False,61270.46,-8.432,False,60340.75,-9.8214,False,0.0
c9123fac-45c5-46fd-9b90-7221ee4405dc,LONG,66912.51,66092.75,stop_loss,7,False,-1.0,65549.13,-2.0376,False,64646.38,-3.3867,False,63005.19,-5.8394,False,61270.46,-8.432,False,60340.75,-9.8214,False,0.0
e32241fb-5241-4419-b56a-d6d33537e5f0,LONG,66912.51,66092.75,stop_loss,7,False,-1.0,65549.13,-2.0376,False,64646.38,-3.3867,False,63005.19,-5.8394,False,61270.46,-8.432,False,60340.75,-9.8214,False,0.0
900fccde-ceba-4e4f-b9b4-a256aeca3e52,LONG,66912.51,66092.75,stop_loss,7,False,-1.0,65549.13,-2.0376,False,64646.38,-3.3867,False,63005.19,-5.8394,False,61270.46,-8.432,False,60340.75,-9.8214,False,0.0
de2213b9-5592-4921-a8e6-89d1292689d9,LONG,60434.95,61435.99,trailing_stop,16,False,1.4099,62116.87,2.783,True,62943.58,4.151,True,63910.73,5.7513,True,65177.88,7.848,True,70375.04,16.4476,True,0.0
715a5961-7a57-4799-8217-64c5a65363a0,LONG,61463.9,62579.51,trailing_stop,24,False,1.4423,63796.69,3.7954,True,64156.88,4.3814,True,65778.67,7.02,True,71035.43,15.5726,True,70500.0,14.7015,True,0.0
0bea9213-510d-404b-ab9f-941e4693fa19,LONG,62760.37,63862.92,trailing_stop,16,False,1.1407,64393.73,2.6025,True,65462.07,4.3048,True,69802.11,11.22,True,70100.0,11.6947,True,,,,0.0
d6786a99-a48f-4508-b05e-96929f027f30,LONG,65523.64,67471.24,trailing_stop,11,False,1.8243,70375.04,7.404,True,70200.0,7.1369,True,70481.78,7.5669,True,,,,,,,0.0
e760d26f-941d-477d-815d-9a96717c6b93,LONG,60434.95,61435.99,trailing_stop,16,False,1.4099,62116.87,2.783,True,62943.58,4.151,True,63910.73,5.7513,True,65177.88,7.848,True,70375.04,16.4476,True,0.0
7abf6174-0ab1-47fd-a732-d4bbae18223c,LONG,61463.9,62579.51,trailing_stop,24,False,1.4423,63796.69,3.7954,True,64156.88,4.3814,True,65778.67,7.02,True,71035.43,15.5726,True,70500.0,14.7015,True,0.0
562d27df-7eaf-48a2-aca5-152d384c766a,LONG,62760.37,63862.92,trailing_stop,16,False,1.1407,64393.73,2.6025,True,65462.07,4.3048,True,69802.11,11.22,True,70100.0,11.6947,True,,,,0.0
1622419b-001c-43ea-9057-edda9bac9629,LONG,65523.64,67471.24,trailing_stop,11,False,1.8243,70375.04,7.404,True,70200.0,7.1369,True,70481.78,7.5669,True,,,,,,,0.0
fc2b9651-36a1-4ffb-af52-1e33de16b0a5,LONG,60434.95,61435.99,trailing_stop,16,False,1.4099,62116.87,2.783,True,62943.58,4.151,True,63910.73,5.7513,True,65177.88,7.848,True,70375.04,16.4476,True,0.0
f2077360-9e5d-4804-8a35-30581a8ca6d6,LONG,61463.9,62579.51,trailing_stop,24,False,1.4423,63796.69,3.7954,True,64156.88,4.3814,True,65778.67,7.02,True,71035.43,15.5726,True,70500.0,14.7015,True,0.0
da526821-27b2-4acc-b32d-43a8e61557c3,LONG,62760.37,63862.92,trailing_stop,16,False,1.1407,64393.73,2.6025,True,65462.07,4.3048,True,69802.11,11.22,True,70100.0,11.6947,True,,,,0.0
a9da76b1-b40b-41ad-89b6-38895b01dd26,LONG,65523.64,67471.24,trailing_stop,11,False,1.8243,70375.04,7.404,True,70200.0,7.1369,True,70481.78,7.5669,True,,,,,,,0.0
979aac26-ab09-4bf8-9126-d7c4a8e95a4b,LONG,60434.95,61435.99,trailing_stop,16,False,1.4099,62116.87,2.783,True,62943.58,4.151,True,63910.73,5.7513,True,65177.88,7.848,True,70375.04,16.4476,True,0.0
8dc77928-612f-48bd-9283-bc87d7caf5fb,LONG,61463.9,62579.51,trailing_stop,24,False,1.4423,63796.69,3.7954,True,64156.88,4.3814,True,65778.67,7.02,True,71035.43,15.5726,True,70500.0,14.7015,True,0.0
810b8bca-3af3-4403-a739-792403c8f47a,LONG,62760.37,63862.92,trailing_stop,16,False,1.1407,64393.73,2.6025,True,65462.07,4.3048,True,69802.11,11.22,True,70100.0,11.6947,True,,,,0.0
ad925c15-5835-4ef9-90de-a0d7073f73ac,LONG,65523.64,67471.24,trailing_stop,11,False,1.8243,70375.04,7.404,True,70200.0,7.1369,True,70481.78,7.5669,True,,,,,,,0.0
980a0593-98e6-42a1-8b70-6b046ea293ed,LONG,60434.95,61435.99,trailing_stop,16,False,1.4099,62116.87,2.783,True,62943.58,4.151,True,63910.73,5.7513,True,65177.88,7.848,True,70375.04,16.4476,True,0.0
b728e7ad-947e-4c05-872f-d3c65d0ed1de,LONG,61463.9,62579.51,trailing_stop,24,False,1.4423,63796.69,3.7954,True,64156.88,4.3814,True,65778.67,7.02,True,71035.43,15.5726,True,70500.0,14.7015,True,0.0
db1231ec-4b2d-467b-b7be-b5a81195d09d,LONG,62760.37,63862.92,trailing_stop,16,False,1.1407,64393.73,2.6025,True,65462.07,4.3048,True,69802.11,11.22,True,70100.0,11.6947,True,,,,0.0
abeefeaa-f2f2-47d2-9f2a-377b42f56dab,LONG,65523.64,67471.24,trailing_stop,11,False,1.8243,70375.04,7.404,True,70200.0,7.1369,True,70481.78,7.5669,True,,,,,,,0.0
72424ff8-c763-4406-bc31-e0729a3291ec,LONG,60434.95,61435.99,trailing_stop,16,False,1.4099,62116.87,2.783,True,62943.58,4.151,True,63910.73,5.7513,True,65177.88,7.848,True,70375.04,16.4476,True,0.0
b558c99d-b9e1-4242-8407-b823ee0dc2f7,LONG,61463.9,62579.51,trailing_stop,24,False,1.4423,63796.69,3.7954,True,64156.88,4.3814,True,65778.67,7.02,True,71035.43,15.5726,True,70500.0,14.7015,True,0.0
baaf05cc-0cda-4581-ada9-b747fd5c9c88,LONG,62760.37,63862.92,trailing_stop,16,False,1.1407,64393.73,2.6025,True,65462.07,4.3048,True,69802.11,11.22,True,70100.0,11.6947,True,,,,0.0
bbb9396e-7f94-47ec-8250-103661a9196f,LONG,65523.64,67471.24,trailing_stop,11,False,1.8243,70375.04,7.404,True,70200.0,7.1369,True,70481.78,7.5669,True,,,,,,,0.0
985e32c1-92eb-454a-99e4-55d78b864211,LONG,60434.95,61435.99,trailing_stop,16,False,1.4099,62116.87,2.783,True,62943.58,4.151,True,63910.73,5.7513,True,65177.88,7.848,True,70375.04,16.4476,True,0.0
b64e045f-ddd4-4691-9539-ecea243ea076,LONG,61463.9,62579.51,trailing_stop,24,False,1.4423,63796.69,3.7954,True,64156.88,4.3814,True,65778.67,7.02,True,71035.43,15.5726,True,70894.93,15.344,True,0.0
57f28ce8-0c53-406b-b262-067e0a7e6836,LONG,62760.37,63862.92,trailing_stop,16,False,1.1407,64393.73,2.6025,True,65462.07,4.3048,True,69802.11,11.22,True,70100.0,11.6947,True,,,,0.0
6ff7da04-bda7-463e-a0a9-41a913963886,LONG,65523.64,67471.24,trailing_stop,11,False,1.8243,70375.04,7.404,True,70200.0,7.1369,True,,,,,,,,,,0.0
3846597a-517b-4d7a-918a-d315ae1d5f1f,LONG,60434.95,61435.99,trailing_stop,16,False,1.4099,62116.87,2.783,True,62943.58,4.151,True,63910.73,5.7513,True,65177.88,7.848,True,70375.04,16.4476,True,0.0
b2001311-32e3-4a7a-ba15-d2ae58e5d698,LONG,61463.9,62579.51,trailing_stop,24,False,1.4423,63796.69,3.7954,True,64156.88,4.3814,True,65778.67,7.02,True,71035.43,15.5726,True,70500.0,14.7015,True,0.0
f47da268-e98b-4cc9-9b58-73686ffc5aae,LONG,62760.37,63862.92,trailing_stop,16,False,1.1407,64393.73,2.6025,True,65462.07,4.3048,True,69802.11,11.22,True,70100.0,11.6947,True,,,,0.0
ae8e4396-e7f2-46ee-87e2-18c6c6cadf3a,LONG,65523.64,67471.24,trailing_stop,11,False,1.8243,70375.04,7.404,True,70200.0,7.1369,True,70481.78,7.5669,True,,,,,,,0.0
9c058c35-e4b5-43c4-848b-d7b9661b0ce8,LONG,60434.95,61435.99,trailing_stop,16,False,1.4099,62116.87,2.783,True,62943.58,4.151,True,63910.73,5.7513,True,65177.88,7.848,True,70332.9,16.3779,True,0.0
07a0b400-65c0-496f-a382-eb4fd1d448a9,LONG,61463.9,62579.51,trailing_stop,24,False,1.4423,63796.69,3.7954,True,64156.88,4.3814,True,65776.75,7.0169,True,70987.54,15.4947,True,70600.0,14.8642,True,0.0
cfe89edf-2a20-4c86-a849-fae5f55de9ae,LONG,62760.37,63862.92,trailing_stop,16,False,1.1407,64393.73,2.6025,True,65462.07,4.3048,True,69765.71,11.162,True,69950.0,11.4557,True,,,,0.0
fdc1361d-cdff-43ba-a2fd-ac1c080c2f0c,LONG,65523.64,67451.562,trailing_stop,11,False,1.8129,70332.9,7.3397,True,70400.0,7.4421,True,72332.37,10.3913,True,,,,,,,0.0
2a4e0857-f8f0-4b21-b715-102862498df4,LONG,60434.95,61435.99,trailing_stop,16,False,1.4099,62116.87,2.783,True,62943.58,4.151,True,63910.73,5.7513,True,65177.88,7.848,True,70332.9,16.3779,True,0.0
09ab55ca-2a72-4a69-9c7a-034e0202bfa6,LONG,61463.9,62579.51,trailing_stop,24,False,1.4423,63796.69,3.7954,True,64156.88,4.3814,True,65776.75,7.0169,True,70987.54,15.4947,True,70600.0,14.8642,True,0.0
84324383-51ee-40f6-97e8-6cf9c3d63aac,LONG,62760.37,63862.92,trailing_stop,16,False,1.1407,64393.73,2.6025,True,65462.07,4.3048,True,69765.71,11.162,True,69950.0,11.4557,True,,,,0.0
db888f24-0c50-4bbd-8d8e-b10f86efb6b7,LONG,65523.64,67451.562,trailing_stop,11,False,1.8129,70332.9,7.3397,True,70400.0,7.4421,True,72332.37,10.3913,True,,,,,,,0.0
315f2f79-412b-46b9-9dac-b0d2956b61be,LONG,60434.95,61435.99,trailing_stop,16,False,1.4099,62116.87,2.783,True,62943.58,4.151,True,63910.73,5.7513,True,65177.88,7.848,True,70332.9,16.3779,True,0.0
5c3159d5-756f-42ea-b371-74c7046ad2aa,LONG,61463.9,62579.51,trailing_stop,24,False,1.4423,63796.69,3.7954,True,64156.88,4.3814,True,65776.75,7.0169,True,70987.54,15.4947,True,70600.0,14.8642,True,0.0
74112c97-ceaf-4ce1-93f3-4620df2660ee,LONG,62760.37,63862.92,trailing_stop,16,False,1.1407,64393.73,2.6025,True,65462.07,4.3048,True,69765.71,11.162,True,69950.0,11.4557,True,,,,0.0
144b95a0-403c-4396-8205-71dfce50c853,LONG,65523.64,67451.562,trailing_stop,11,False,1.8129,70332.9,7.3397,True,70400.0,7.4421,True,72332.37,10.3913,True,,,,,,,0.0
339b6c2f-e9ca-453f-b15b-278719791b15,LONG,60434.95,61435.99,trailing_stop,16,False,1.4099,62116.87,2.783,True,62943.58,4.151,True,63910.73,5.7513,True,65177.88,7.848,True,70332.9,16.3779,True,0.0
16439627-3ac0-438f-a2ad-71f720c7289c,LONG,61463.9,62579.51,trailing_stop,24,False,1.4423,63796.69,3.7954,True,64156.88,4.3814,True,65776.75,7.0169,True,70987.54,15.4947,True,70600.0,14.8642,True,0.0
6858854c-d91e-4c83-b96c-dcd3a2c830bc,LONG,62760.37,63862.92,trailing_stop,16,False,1.1407,64393.73,2.6025,True,65462.07,4.3048,True,69765.71,11.162,True,69950.0,11.4557,True,,,,0.0
3cf5b2ba-4b0a-47db-905b-029d621ba05b,LONG,65523.64,67451.562,trailing_stop,11,False,1.8129,70332.9,7.3397,True,70400.0,7.4421,True,72332.37,10.3913,True,,,,,,,0.0
369d7145-f44a-480c-b914-876829c352a8,LONG,60434.95,61435.99,trailing_stop,16,False,1.4099,62116.87,2.783,True,62943.58,4.151,True,63910.73,5.7513,True,65177.88,7.848,True,70375.04,16.4476,True,0.0
68aa4f76-a10c-41a8-a186-1a98ac0e1d59,LONG,61463.9,62579.51,trailing_stop,24,False,1.4423,63796.69,3.7954,True,64156.88,4.3814,True,65778.67,7.02,True,71035.43,15.5726,True,70500.0,14.7015,True,0.0
9ddb3b4d-3184-4379-9ef6-7e4af0e0954f,LONG,62760.37,63862.92,trailing_stop,16,False,1.1407,64393.73,2.6025,True,65462.07,4.3048,True,69802.11,11.22,True,70100.0,11.6947,True,,,,0.0
2413b07e-02f8-42fd-8a29-f062080d67cf,LONG,65523.64,67471.24,trailing_stop,11,False,1.8243,70375.04,7.404,True,70200.0,7.1369,True,70481.78,7.5669,True,,,,,,,0.0
071a77bc-5df4-4856-b2bf-a9e190845579,LONG,60434.95,61435.99,trailing_stop,16,False,1.4099,62116.87,2.783,True,62943.58,4.151,True,63910.73,5.7513,True,65177.88,7.848,True,70375.04,16.4476,True,0.0
c9d244fd-26dd-4698-8e51-32477cc1f248,LONG,61463.9,62579.51,trailing_stop,24,False,1.4423,63796.69,3.7954,True,64156.88,4.3814,True,65778.67,7.02,True,71035.43,15.5726,True,70894.93,15.344,True,0.0
0696dba9-fa34-43fb-ab6f-a12344fdbc4c,LONG,62760.37,63862.92,trailing_stop,16,False,1.1407,64393.73,2.6025,True,65462.07,4.3048,True,69802.11,11.22,True,70100.0,11.6947,True,,,,0.0
aadd093b-32fd-40d9-867c-b704d6f56369,LONG,65523.64,67471.24,trailing_stop,11,False,1.8243,70375.04,7.404,True,70200.0,7.1369,True,,,,,,,,,,0.0
955ee5b7-8768-446e-9a4c-b5676a866447,LONG,60434.95,61435.99,trailing_stop,16,False,1.4099,62116.87,2.783,True,62943.58,4.151,True,63910.73,5.7513,True,65177.88,7.848,True,70375.04,16.4476,True,0.0
ddceeeb9-2ffc-4823-ae7d-b929de47cbbb,LONG,61463.9,62579.51,trailing_stop,24,False,1.4423,63796.69,3.7954,True,64156.88,4.3814,True,65778.67,7.02,True,71035.43,15.5726,True,70500.0,14.7015,True,0.0
da8ce31f-cd24-47bd-ba9e-1ff59449d823,LONG,62760.37,63862.92,trailing_stop,16,False,1.1407,64393.73,2.6025,True,65462.07,4.3048,True,69802.11,11.22,True,70100.0,11.6947,True,,,,0.0
ba280498-cbb0-4297-96d4-357d16a365e1,LONG,65523.64,67471.24,trailing_stop,11,False,1.8243,70375.04,7.404,True,70200.0,7.1369,True,70481.78,7.5669,True,,,,,,,0.0
bf436340-003b-4486-999c-5d9b233200ac,LONG,60434.95,61435.99,trailing_stop,16,False,1.4099,62116.87,2.783,True,62943.58,4.151,True,63910.73,5.7513,True,65177.88,7.848,True,70332.9,16.3779,True,0.0
1ca4e1d4-5ede-45a5-9773-fd0dd5266991,LONG,61463.9,62579.51,trailing_stop,24,False,1.4423,63796.69,3.7954,True,64156.88,4.3814,True,65776.75,7.0169,True,70987.54,15.4947,True,70600.0,14.8642,True,0.0
27330ef8-c43e-401f-89dc-27b132834a46,LONG,62760.37,63862.92,trailing_stop,16,False,1.1407,64393.73,2.6025,True,65462.07,4.3048,True,69765.71,11.162,True,69950.0,11.4557,True,,,,0.0
c277fe60-9ea8-474c-b762-38b36c3bfa2e,LONG,65523.64,67451.562,trailing_stop,11,False,1.8129,70332.9,7.3397,True,70400.0,7.4421,True,72332.37,10.3913,True,,,,,,,0.0
18cad5ca-8f48-440f-83c2-cfff2198517c,LONG,60434.95,61435.99,trailing_stop,16,False,1.4099,62116.87,2.783,True,62943.58,4.151,True,63910.73,5.7513,True,65177.88,7.848,True,70375.04,16.4476,True,0.0
b655df61-f9a7-4018-9c28-084db4081f74,LONG,61463.9,62579.51,trailing_stop,24,False,1.4423,63796.69,3.7954,True,64156.88,4.3814,True,65778.67,7.02,True,71035.43,15.5726,True,70894.93,15.344,True,0.0
5abb5cc9-819a-450c-a923-efad938bd593,LONG,62760.37,63862.92,trailing_stop,16,False,1.1407,64393.73,2.6025,True,65462.07,4.3048,True,69802.11,11.22,True,70100.0,11.6947,True,,,,0.0
5a38bc29-dc9a-429d-bf36-a968c4bd13ca,LONG,65523.64,67471.24,trailing_stop,11,False,1.8243,70375.04,7.404,True,70200.0,7.1369,True,,,,,,,,,,0.0
05a754a8-da3c-4da1-b73f-4d1b0275408b,SHORT,61160.87,61856.59,stop_loss,7,False,-1.0,62006.16,1.3821,False,62485.3,2.1655,False,63418.48,3.6913,False,64458.55,5.3918,False,65523.11,7.1324,False,0.0
8a3b7b1b-c25d-41d0-b75a-8bd8a16428e9,LONG,63671.36,64182.84,trailing_stop,17,False,0.7034,65289.96,2.5421,True,65312.58,2.5776,True,66262.91,4.0702,True,67131.43,5.4343,True,60449.87,-5.0596,False,0.0
c2356066-2f3e-4417-bcf5-bcd175bf0a19,LONG,66191.88,67107.4,trailing_stop,27,False,1.328,61500.0,-7.0883,False,60500.0,-8.5991,False,55169.73,-16.6518,False,,,,,,,0.0
e9adb70a-7d31-4674-baf9-df68b445cc4f,LONG,62789.01,63842.93,trailing_stop,16,False,1.1192,64407.99,2.5784,True,65447.1,4.2334,True,69796.68,11.1607,True,70100.0,11.6437,True,,,,0.0
c906cbeb-c4b8-436f-b273-db0493713096,LONG,65520.69,67256.106,trailing_stop,10,False,1.7266,70184.53,7.1181,True,70400.0,7.447,True,71538.32,9.1843,True,,,,,,,0.0
831a5fce-0be1-4862-91be-84ef0acda6ae,LONG,66912.51,66092.75,stop_loss,7,False,-1.0,65549.13,-2.0376,False,64646.38,-3.3867,False,63005.19,-5.8394,False,61270.46,-8.432,False,60340.75,-9.8214,False,0.0
e8554ed4-d40c-44d7-b5b8-b23cb610b043,LONG,60394.0,60989.84,trailing_stop,23,False,0.816,61660.32,2.0968,True,61896.14,2.4872,True,62234.52,3.0475,True,62691.86,3.8048,True,63527.78,5.1889,True,0.0
3c8f2ceb-1928-40af-9569-6ebf0b229182,LONG,61544.4,61749.43,trailing_stop,9,False,0.4912,62000.05,0.7404,True,62713.34,1.8993,True,63251.74,2.7742,True,63529.4,3.2253,True,66645.82,8.289,True,0.0
ce347640-7823-4511-b6f4-553d6e06b562,LONG,62140.85,62936.03,trailing_stop,11,False,0.996,63032.91,1.4355,True,63684.19,2.4836,True,64407.91,3.6483,True,68444.38,10.1439,True,71368.99,14.8504,True,0.0
e7de6a9a-82c9-430b-8a6a-1e41956f0ac5,LONG,63032.91,63788.77,trailing_stop,18,False,0.993,64000.0,1.5343,True,65766.47,4.3367,True,68963.35,9.4085,True,71800.0,13.9088,True,72696.84,15.3316,True,0.0
689b4702-de10-42e1-852a-5a33ba6852cc,LONG,64000.0,64848.26,trailing_stop,10,False,1.2063,67224.98,5.039,True,68720.65,7.376,True,71548.47,11.7945,True,72264.11,12.9127,True,,,,0.0
9a2b9217-fbb0-4a65-89d3-6d082d8ec285,LONG,61027.47,62093.39,trailing_stop,16,False,1.4367,63018.68,3.2628,True,63433.25,3.9421,True,64522.45,5.7269,True,66032.62,8.2015,True,64308.22,5.3759,True,0.0
3b751980-387b-4017-bf8c-fd202102050c,LONG,65690.97,66592.17,trailing_stop,21,False,1.057,63793.02,-2.8892,False,63554.7,-3.252,False,58222.29,-11.3694,False,54422.47,-17.1538,False,52000.0,-20.8415,False,0.0
a81ea9e0-1ab8-48c0-9c2f-62617ec9c7c8,LONG,63595.25,64531.48,trailing_stop,23,False,1.1414,64140.87,0.858,True,65309.52,2.6956,True,65963.63,3.7241,True,68228.6,7.2857,True,70811.14,11.3466,True,0.0
1ec0ee56-c97e-4c03-b159-827a38a41844,LONG,65226.6,65676.405,trailing_stop,9,False,0.7334,65331.76,0.1612,True,68228.6,4.6024,True,70811.14,8.5618,True,74353.27,13.9923,True,,,,0.0
d9e5fc42-f1c1-4b35-9135-a3217f62578f,LONG,65331.76,65551.575,trailing_stop,1,False,0.5031,68228.6,4.434,True,68755.35,5.2403,True,73330.98,12.244,True,76796.6,17.5486,True,,,,0.0
3e8d573e-5fb1-47e3-80bf-627e71d36db4,SHORT,44955.04,45443.12,stop_loss,14,False,-1.0,45113.67,0.3529,False,44901.33,-0.1195,True,44871.02,-0.1869,True,45321.86,0.816,False,44570.09,-0.8563,True,0.0
6296ee40-5d30-401e-bf58-eef823511c1b,LONG,45113.67,44629.21,stop_loss,15,False,-1.0,44840.35,-0.6058,False,45044.43,-0.1535,False,45181.25,0.1498,True,44639.56,-1.0509,False,44822.16,-0.6462,False,0.0
846ac657-6c0d-40c7-a8c4-b301f5c17fb5,SHORT,44851.96,45327.92,stop_loss,16,False,-1.0,45187.78,0.7487,False,45011.76,0.3563,False,44779.04,-0.1626,True,44605.78,-0.5489,True,45446.65,1.3259,False,0.0
524b0784-84bb-4029-9c33-42093685a56a,LONG,60394.0,60989.84,trailing_stop,23,False,0.816,61660.32,2.0968,True,61896.14,2.4872,True,62234.52,3.0475,True,62691.86,3.8048,True,63527.78,5.1889,True,0.0
436b9cb0-9094-4bb3-9390-68c086e467ae,LONG,61544.4,61749.43,trailing_stop,9,False,0.4912,62000.05,0.7404,True,62713.34,1.8993,True,63251.74,2.7742,True,63529.4,3.2253,True,66645.82,8.289,True,0.0
e8037eb8-a84b-4ee6-bae5-1bc589d21e38,LONG,62140.85,62936.03,trailing_stop,11,False,0.996,63032.91,1.4355,True,63684.19,2.4836,True,64407.91,3.6483,True,68444.38,10.1439,True,71368.99,14.8504,True,0.0
74ea2654-c3cb-4fcd-ae75-e8466990f51f,LONG,63032.91,63788.77,trailing_stop,18,False,0.993,64000.0,1.5343,True,65766.47,4.3367,True,68963.35,9.4085,True,71800.0,13.9088,True,72696.84,15.3316,True,0.0
db1d6edf-af11-4069-8b67-e17d0b8ba56c,LONG,64000.0,64848.26,trailing_stop,10,False,1.2063,67224.98,5.039,True,68720.65,7.376,True,71548.47,11.7945,True,72264.11,12.9127,True,,,,0.0
d4d6ab07-0d7b-41af-9612-416b9b0f0a25,LONG,65000.0,62500.0,stop_loss,0,False,-1.0,,,,,,,,,,,,,,,,0.0
3a227491-61bd-4fa6-8629-d04e433c6ba3,SHORT,41844.5,41303.932202490236,trailing_stop,4,False,0.8456,40934.7,-2.1742,True,41902.3,0.1381,False,42613.2,1.837,False,41818.0,-0.0633,True,42632.1,1.8822,False,0.0
39258f8f-0896-4762-8feb-4040dc55c05c,SHORT,41488.4,42143.29073584457,stop_loss,3,False,-1.0,42746.5,3.0324,False,42458.3,2.3378,False,41921.7,1.0444,False,42653.5,2.8083,False,41838.5,0.8439,False,0.0
cf8e347c-2993-438b-8ecc-1d4051cb76f3,SHORT,42590.2,43431.102641429265,stop_loss,4,False,-1.0,42836.2,0.5776,False,41818.0,-1.8131,True,42632.1,0.0984,False,42154.3,-1.0235,True,41512.8,-2.5297,True,0.0
35bebcdf-c4b5-4656-ab0b-e539d526990a,SHORT,40845.9,41451.763313941796,stop_loss,3,False,-1.0,42745.6,4.6509,False,42980.0,5.2248,False,43004.1,5.2838,False,44084.9,7.9298,False,43596.0,6.7329,False,0.0
b8e4a8d5-c9aa-4615-a699-5fcf2de5eb73,LONG,42648.3,41905.74734359087,stop_loss,20,False,-0.4,42838.0,0.4448,True,43722.5,2.5187,True,43700.0,2.466,True,43582.1,2.1895,True,43809.4,2.7225,True,0.0
e9ea7ea3-78a3-4383-a603-102db10da1b8,SHORT,41844.5,41303.932202490236,trailing_stop,4,False,0.8456,40934.7,-2.1742,True,41902.3,0.1381,False,42613.2,1.837,False,41818.0,-0.0633,True,42632.1,1.8822,False,0.0
b116406c-96bb-4e88-ae82-3d87328098b0,SHORT,41488.4,42143.29073584457,stop_loss,3,False,-1.0,42746.5,3.0324,False,42458.3,2.3378,False,41921.7,1.0444,False,42653.5,2.8083,False,41838.5,0.8439,False,0.0
ab062509-8781-42a7-8101-d92bf281fa9f,SHORT,42590.2,43431.102641429265,stop_loss,4,False,-1.0,42836.2,0.5776,False,41818.0,-1.8131,True,42632.1,0.0984,False,42154.3,-1.0235,True,41512.8,-2.5297,True,0.0
4f580eec-3de6-430c-870a-418aa1352863,SHORT,40845.9,41451.763313941796,stop_loss,3,False,-1.0,42745.6,4.6509,False,42980.0,5.2248,False,43004.1,5.2838,False,44084.9,7.9298,False,43596.0,6.7329,False,0.0
600293b9-7b44-4187-a43a-72758d1c0dc0,LONG,42648.3,41905.74734359087,stop_loss,20,False,-0.4,42838.0,0.4448,True,43722.5,2.5187,True,43700.0,2.466,True,43582.1,2.1895,True,43809.4,2.7225,True,0.0
ed5cfed9-2b5c-4fde-9fb2-9fada301fc42,LONG,42549.1,43314.55644670185,trailing_stop,16,False,1.061,43623.1,2.5241,True,44084.9,3.6095,True,43596.0,2.4605,True,43736.1,2.7897,True,43679.4,2.6565,True,0.0
52f5d49b-d5e9-49c3-9f66-bb942878ec8d,LONG,43684.5,43239.669699292375,stop_loss,17,False,-1.0,42366.6,-3.0169,False,42340.8,-3.0759,False,43354.9,-0.7545,False,42706.0,-2.2399,False,42034.5,-3.7771,False,0.0
f5550b03-61b5-48c2-9fd2-b072cc672587,SHORT,42750.9,43247.43347717483,stop_loss,2,False,-1.0,43391.3,1.498,False,43095.1,0.8051,False,42693.1,-0.1352,True,41728.6,-2.3913,True,42784.3,0.0781,False,0.0
16b53725-e00f-4a69-945c-6d2f10e42d1c,SHORT,43072.7,43605.42894965855,stop_loss,9,False,-1.0,43091.8,0.0443,False,42660.1,-0.9579,True,42164.6,-2.1083,True,42398.1,-1.5662,True,42660.5,-0.957,True,0.0
af7aa5ec-45fd-4f45-85bc-1412fdb826a6,LONG,43153.8,44008.39627577105,trailing_stop,5,False,1.6902,45658.7,5.8046,True,45024.9,4.3359,True,42783.8,-0.8574,False,44336.0,2.7395,True,43975.9,1.905,True,0.0
6037b079-d7d8-4ef1-8ce5-8b98f1967cde,LONG,45230.3,44389.34216652165,stop_loss,20,False,-1.0,42783.8,-5.409,False,43104.0,-4.7011,False,43640.8,-3.5142,False,43709.0,-3.3635,False,43974.0,-2.7776,False,0.0
b06b3782-3e9b-46a9-b6e0-80fa5bcb1924,LONG,43965.7,43965.7,stop_loss,50,False,0.0,43731.6,-0.5325,False,47082.0,7.088,True,45455.6,3.3888,True,45970.7,4.5604,True,46168.8,5.011,True,0.0
42f260ed-5178-43f7-a137-0b2724a1f3bd,LONG,43920.3,44511.972907351315,trailing_stop,6,False,0.9261,46972.8,6.9501,True,46643.9,6.2012,True,45544.0,3.6969,True,47067.1,7.1648,True,45968.8,4.6641,True,0.0
0d9ec6a6-a7f3-4c26-a042-5323ce3ac02c,LONG,44925.9,46558.20839345932,trailing_stop,5,False,1.7174,46741.4,4.0411,True,46725.9,4.0066,True,46426.0,3.3391,True,46528.4,3.567,True,43841.8,-2.4131,False,0.0
8811c76a-85fc-46ad-a5c4-cf8ebffa6c5b,LONG,46577.7,45550.20666240703,stop_loss,7,False,-0.4,45340.8,-2.6556,False,46137.2,-0.9457,False,46241.8,-0.7212,False,43689.1,-6.2017,False,42870.0,-7.9602,False,0.0
84f0bfc9-eaeb-437b-8fa7-4b4466076fdc,LONG,45578.4,47902.20742128423,trailing_stop,23,False,1.6492,46149.4,1.2528,True,45794.3,0.4737,True,42749.9,-6.2058,False,42895.0,-5.8874,False,42866.3,-5.9504,False,0.0
1ef5e2ed-a3c1-4f3a-b6c7-15e6cdce1c04,SHORT,42812.3,42812.3,stop_loss,48,False,0.3,42762.8,-0.1156,True,43044.6,0.5426,False,42374.8,-1.0219,True,41823.0,-2.3108,True,41256.1,-3.6349,True,0.0
1b7dc524-aa89-4273-8aa9-2141edb3c583,SHORT,40973.2,41576.74566353804,stop_loss,4,False,-0.4,41629.5,1.6018,False,41583.0,1.4883,False,41671.7,1.7048,False,40719.6,-0.6189,True,39401.4,-3.8362,True,0.0
9766aecd-b88c-4167-9bd0-d65629543beb,SHORT,39763.0,40562.01004303223,stop_loss,9,False,-1.0,39782.4,0.0488,False,40033.2,0.6795,False,40065.6,0.761,False,41649.1,4.7434,False,42559.0,7.0317,False,0.0
876beada-7788-43e3-812a-24f2d125f3d3,LONG,41945.6,41945.6,stop_loss,50,False,0.3,42121.1,0.4184,True,42973.4,2.4503,True,43370.6,3.3973,True,43688.6,4.1554,True,42900.0,2.2753,True,0.0
bd41fc82-917e-460e-a84f-18fbaf290440,LONG,41770.0,42204.22169109828,trailing_stop,20,False,0.9338,43603.3,4.389,True,43464.2,4.056,True,42850.0,2.5856,True,42624.9,2.0467,True,42784.4,2.4285,True,0.0
c82a663e-dedf-4927-bf86-be3fdaa2a8d1,LONG,43427.7,42833.75689300786,stop_loss,22,False,-1.0,42365.3,-2.4464,False,42625.5,-1.8472,False,42911.1,-1.1896,False,43178.9,-0.5729,False,43016.2,-0.9476,False,0.0
74c3c433-175f-407d-a496-08f3d8902031,LONG,43330.0,42679.398891585486,stop_loss,5,False,-1.0,42181.6,-2.6504,False,43201.1,-0.2975,False,43041.0,-0.667,False,43040.6,-0.6679,False,42617.8,-1.6437,False,0.0
a01d66db-6355-42a6-b930-6cef7f95924f,LONG,43108.2,42622.541691730316,stop_loss,3,False,-1.0,43207.2,0.2297,True,43050.8,-0.1332,False,42966.5,-0.3287,False,43239.2,0.3039,True,42767.8,-0.7896,False,0.0
71974862-be50-4cc8-82f9-664362b138a8,LONG,43041.0,43041.0,stop_loss,48,False,0.0,42797.3,-0.5662,False,42718.2,-0.75,False,43178.1,0.3185,True,43642.2,1.3968,True,45282.0,5.2067,True,0.0
73bf4813-df96-468f-935b-b52a4bce00e0,LONG,43047.2,42610.72692201157,stop_loss,8,False,-0.4,42833.0,-0.4976,False,42915.6,-0.3057,False,43004.1,-0.1001,False,45048.7,4.6495,True,47034.7,9.2631,True,0.0
ed9ec929-26a4-42f7-a1e8-449015d95e56,LONG,44108.9,45132.14809864744,trailing_stop,19,False,1.6393,46271.5,4.9029,True,47034.7,6.6331,True,47259.3,7.1423,True,48239.7,9.365,True,48827.1,10.6967,True,0.0
0128c6ef-fafe-48d0-a663-dffc72330a12,LONG,47163.8,48053.97644036886,trailing_stop,40,False,1.3481,48239.7,2.2812,True,48172.8,2.1394,True,49972.2,5.9546,True,49514.4,4.9839,True,52090.5,10.4459,True,0.0
7fcf2b3f-e60a-4e54-a877-c0422f3ec769,LONG,48163.1,49943.367456,target_reached,9,False,2.2,49972.2,3.7562,True,48706.6,1.1285,True,51943.8,7.8498,True,52656.4,9.3293,True,51955.0,7.873,True,0.0
a4f6b392-21e2-44af-b278-d7b49b71dee6,LONG,48861.4,50196.284098486365,trailing_stop,15,False,1.1295,51702.0,5.8136,True,51817.3,6.0496,True,51791.0,5.9957,True,51935.9,6.2923,True,51699.9,5.8093,True,0.0
ba98891b-b240-4e62-a889-6da50fc689a5,LONG,52656.4,51810.650132461364,stop_loss,1,False,-1.0,52198.1,-0.8704,False,51955.0,-1.332,False,50883.8,-3.3664,False,51932.1,-1.3755,False,52130.1,-0.9995,False,0.0
e798f26f-e0c3-4236-aef8-a209bc0e63ef,LONG,52439.2,51909.44481541983,stop_loss,10,False,-1.0,51610.1,-1.5811,False,51706.3,-1.3976,False,51166.0,-2.428,False,51610.1,-1.5811,False,50934.4,-2.8696,False,0.0
d10159c4-011d-4604-bd67-5fab3a69fecb,LONG,52157.4,51584.585558234714,stop_loss,5,False,-0.4,52086.9,-0.1352,False,50957.6,-2.3003,False,51391.1,-1.4692,False,51151.9,-1.9278,False,51175.8,-1.882,False,0.0
d48e1ec2-57ae-4517-95e9-a80d38431175,LONG,51761.3,51414.86471000487,stop_loss,2,False,-1.0,51572.4,-0.3649,False,52899.2,2.1984,True,56780.0,9.6959,True,61006.6,17.8614,True,62811.1,21.3476,True,0.0
bb5ea830-5358-4c37-93f5-39db3a2ceb9f,LONG,58330.0,59851.97122312146,trailing_stop,6,False,1.4513,61427.2,5.3098,True,62745.3,7.5695,True,62292.0,6.7924,True,62158.8,6.564,True,62257.4,6.7331,True,0.0
bb95a5b5-4bb0-44b0-bee4-12ee4db855dc,LONG,62534.0,60502.6110884345,stop_loss,1,False,-1.0,62543.0,0.0144,True,62250.1,-0.454,False,61481.4,-1.6832,False,61931.6,-0.9633,False,62911.0,0.6029,True,0.0
b10235fc-2be5-48e4-bf57-3f66da4643f2,LONG,62250.1,62250.1,stop_loss,48,False,0.0,61996.6,-0.4072,False,62220.1,-0.0482,False,66526.3,6.8694,True,66843.9,7.3796,True,66538.2,6.8885,True,0.0
a8156180-2228-49f3-bf73-4d3239a59adb,LONG,66257.1,67404.25593135071,trailing_stop,14,False,0.8656,66843.9,0.8856,True,63323.7,-4.4273,False,65911.8,-0.5212,False,67206.0,1.4321,True,68290.1,3.0684,True,0.0
b2178064-42a8-49b5-a5f2-9b6eb908319e,LONG,67648.5,66489.86152477306,stop_loss,10,False,0.2,68290.1,0.9484,True,68338.9,1.0206,True,69253.1,2.372,True,72051.0,6.5079,True,71792.4,6.1256,True,0.0
f303f022-c52f-41ba-ba6e-9ca124a7b435,LONG,69484.1,68677.84576573991,stop_loss,10,False,-1.0,68374.9,-1.5963,False,71593.6,3.0359,True,72370.0,4.1533,True,72275.8,4.0178,True,71957.6,3.5598,True,0.0
1c9bc93d-302b-44be-8336-24e866b82730,LONG,68643.1,70518.23102830097,trailing_stop,4,False,1.5127,72549.9,5.6915,True,72340.0,5.3857,True,72829.5,6.0988,True,73656.2,7.3031,True,68694.3,0.0746,True,0.0
3c83e087-e88f-4d5b-a1a6-d80c8eb32352,LONG,71679.8,70392.64397229598,stop_loss,13,False,-0.4,72142.5,0.6455,True,72671.2,1.3831,True,70894.1,-1.0961,False,68198.7,-4.8565,False,68423.6,-4.5427,False,0.0
2625525e-fb70-4f04-b6f2-4aeca81a3e60,LONG,68037.0,70474.93807894482,trailing_stop,8,False,1.7328,70760.2,4.0025,True,69875.6,2.7024,True,68955.9,1.3506,True,70735.6,3.9664,True,69680.0,2.4149,True,0.0
faf7a48d-aa56-4ad9-b88d-0a2deb181997,LONG,70390.3,68644.50910174607,stop_loss,24,False,-1.0,69511.0,-1.2492,False,70934.3,0.7728,True,70510.0,0.1701,True,70214.0,-0.2505,False,70664.8,0.39,True,0.0
8e7871e2-bdbd-4ac9-abe5-84f744a54030,LONG,71597.5,70324.48362777202,stop_loss,15,False,-1.0,69224.5,-3.3144,False,70133.2,-2.0452,False,70180.5,-1.9791,False,70516.4,-1.51,False,66620.0,-6.9521,False,0.0
bfa7cab8-9d38-4ce9-8d98-2cb70c8a69fa,LONG,70956.0,70364.45779443679,stop_loss,11,False,-1.0,68613.7,-3.3011,False,66620.0,-6.1108,False,66347.7,-6.4946,False,65502.5,-7.6857,False,67651.8,-4.6567,False,0.0
b84b9bee-cf24-49db-86c0-1586ae921f2e,SHORT,66095.8,67329.3632976444,stop_loss,26,False,-1.0,68605.0,3.7963,False,66902.2,1.22,False,67747.8,2.4994,False,69322.1,4.8812,False,72234.0,9.2868,False,0.0
7c55f018-8983-4ccc-99eb-ac42c2366cfa,LONG,69049.6,70248.60833965204,trailing_stop,33,False,1.4757,71953.8,4.206,True,70800.0,2.535,True,69410.8,0.5231,True,70735.0,2.4409,True,70898.1,2.6771,True,0.0
a2ae1daa-e4b2-4452-bd20-3944bd5fabe9,LONG,71993.2,70644.61222288372,stop_loss,22,False,-1.0,68884.0,-4.3187,False,69296.0,-3.7465,False,70614.4,-1.9152,False,70986.2,-1.3987,False,67329.7,-6.4777,False,0.0
f352227f-356e-4974-b78c-11c82bab3958,SHORT,67556.0,64055.03127205808,target_reached,5,False,2.2,64624.0,-4.3401,True,64381.4,-4.6992,True,63115.2,-6.5735,True,62992.9,-6.7545,True,61418.2,-9.0855,True,0.0
94ad96e8-7d62-476d-80b9-ef6198ef6e32,SHORT,64101.9,66239.49462962437,stop_loss,21,False,-1.0,63873.2,-0.3568,True,62677.9,-2.2215,True,63894.4,-0.3237,True,61024.9,-4.8002,True,62064.0,-3.1792,True,0.0
673003d9-6649-4912-9f1b-ef0146b4ea04,SHORT,62544.4,64257.58731447686,stop_loss,11,False,-1.0,63296.0,1.2017,False,60825.9,-2.7476,True,63471.5,1.4823,False,64026.1,2.369,False,64690.6,3.4315,False,0.0
763414ff-50ae-4fec-80d1-dc37d1fd6e74,LONG,64774.9,66277.50413490264,trailing_stop,61,False,1.3484,66398.1,2.5059,True,66597.1,2.8131,True,64256.4,-0.8005,False,64362.2,-0.6371,False,63069.0,-2.6336,False,0.0
2d3c371e-d00c-474e-88d9-04a84b6af045,LONG,66883.9,65782.84165805337,stop_loss,23,False,-1.0,64520.2,-3.534,False,63390.2,-5.2235,False,64113.1,-4.1427,False,63013.1,-5.7873,False,63555.3,-4.9767,False,0.0
24d019c8-5e93-498a-8203-4793389a4d63,SHORT,61985.6,62898.69319740602,stop_loss,1,False,-1.0,63583.4,2.5777,False,60800.1,-1.9125,True,57271.8,-7.6047,True,58417.3,-5.7567,True,61638.2,-0.5605,True,0.0
efd4a25b-f2d7-40ae-875f-2e3314ad06c0,SHORT,56936.4,59351.704457515356,stop_loss,20,False,-1.0,59518.3,4.5347,False,61579.9,8.1556,False,63778.8,12.0176,False,64076.1,12.5398,False,63213.4,11.0246,False,0.0
58cc1a36-7c64-493e-8c7d-8b26aac11713,SHORT,41844.5,41303.932202490236,trailing_stop,4,False,0.8456,40934.7,-2.1742,True,41902.3,0.1381,False,42613.2,1.837,False,41818.0,-0.0633,True,42632.1,1.8822,False,0.0
267600d3-c452-4845-83e6-3d6d82f6aee1,SHORT,41488.4,42143.29073584457,stop_loss,3,False,-1.0,42746.5,3.0324,False,42458.3,2.3378,False,41921.7,1.0444,False,42653.5,2.8083,False,41838.5,0.8439,False,0.0
d271e6c2-6962-4c82-963a-f4df9b7cf56c,SHORT,42590.2,43431.102641429265,stop_loss,4,False,-1.0,42836.2,0.5776,False,41818.0,-1.8131,True,42632.1,0.0984,False,42154.3,-1.0235,True,41512.8,-2.5297,True,0.0
89bd5a9c-94a6-4912-a908-f8d42367038f,SHORT,40845.9,41451.763313941796,stop_loss,3,False,-1.0,42745.6,4.6509,False,42980.0,5.2248,False,43004.1,5.2838,False,44084.9,7.9298,False,43596.0,6.7329,False,0.0
6df4dfa2-9797-4445-a60b-02b1e7f0ab8e,LONG,42648.3,41905.74734359087,stop_loss,20,False,-0.4,42838.0,0.4448,True,43722.5,2.5187,True,43700.0,2.466,True,43582.1,2.1895,True,43809.4,2.7225,True,0.0
2044fcd2-3b58-45d1-adff-4ebf0a4ea991,LONG,42549.1,43314.55644670185,trailing_stop,16,False,1.061,43623.1,2.5241,True,44084.9,3.6095,True,43596.0,2.4605,True,43736.1,2.7897,True,43679.4,2.6565,True,0.0
3d96add4-5c99-4ba0-af80-c9ad0d6d7e93,LONG,43684.5,43239.669699292375,stop_loss,17,False,-1.0,42366.6,-3.0169,False,42340.8,-3.0759,False,43354.9,-0.7545,False,42706.0,-2.2399,False,42034.5,-3.7771,False,0.0
8aad75dc-326f-46f6-ad13-afd95252f0d5,SHORT,42750.9,43247.43347717483,stop_loss,2,False,-1.0,43391.3,1.498,False,43095.1,0.8051,False,42693.1,-0.1352,True,41728.6,-2.3913,True,42784.3,0.0781,False,0.0
29d07b0e-a83a-4b1f-b3ae-bbf4af0350a1,SHORT,43072.7,43605.42894965855,stop_loss,9,False,-1.0,43091.8,0.0443,False,42660.1,-0.9579,True,42164.6,-2.1083,True,42398.1,-1.5662,True,42660.5,-0.957,True,0.0
e94f975f-0c33-4991-94d7-f3074b1329e9,LONG,43153.8,44008.39627577105,trailing_stop,5,False,1.6902,45658.7,5.8046,True,45024.9,4.3359,True,42783.8,-0.8574,False,44336.0,2.7395,True,43975.9,1.905,True,0.0
01f2b5ad-6969-4490-9726-10ddfe82ef88,LONG,45230.3,44389.34216652165,stop_loss,20,False,-1.0,42783.8,-5.409,False,43104.0,-4.7011,False,43640.8,-3.5142,False,43709.0,-3.3635,False,43974.0,-2.7776,False,0.0
b98e470a-d2c8-4754-bd8e-b6855443bce4,LONG,43965.7,43965.7,stop_loss,50,False,0.0,43731.6,-0.5325,False,47082.0,7.088,True,45455.6,3.3888,True,45970.7,4.5604,True,46168.8,5.011,True,0.0
76f06381-b12d-4faf-b3d0-6d3f9c972d9f,LONG,43920.3,44511.972907351315,trailing_stop,6,False,0.9261,46972.8,6.9501,True,46643.9,6.2012,True,45544.0,3.6969,True,47067.1,7.1648,True,45968.8,4.6641,True,0.0
f81fcf97-3e73-4042-8773-0eb6f09e09ab,LONG,44925.9,46558.20839345932,trailing_stop,5,False,1.7174,46741.4,4.0411,True,46725.9,4.0066,True,46426.0,3.3391,True,46528.4,3.567,True,43841.8,-2.4131,False,0.0
77d4cd57-68cb-4855-ab80-a11b2501691d,LONG,46577.7,45550.20666240703,stop_loss,7,False,-0.4,45340.8,-2.6556,False,46137.2,-0.9457,False,46241.8,-0.7212,False,43689.1,-6.2017,False,42870.0,-7.9602,False,0.0
360146a5-7ffa-46c7-91f1-4a8e20e96c4e,LONG,45578.4,47902.20742128423,trailing_stop,23,False,1.6492,46149.4,1.2528,True,45794.3,0.4737,True,42749.9,-6.2058,False,42895.0,-5.8874,False,42866.3,-5.9504,False,0.0
da4ad665-918f-4540-9ae4-1582d007f37d,SHORT,42812.3,42812.3,stop_loss,48,False,0.3,42762.8,-0.1156,True,43044.6,0.5426,False,42374.8,-1.0219,True,41823.0,-2.3108,True,41256.1,-3.6349,True,0.0
f0b4d626-5a67-4fa5-929e-b9821a3d17e6,SHORT,40973.2,41576.74566353804,stop_loss,4,False,-0.4,41629.5,1.6018,False,41583.0,1.4883,False,41671.7,1.7048,False,40719.6,-0.6189,True,39401.4,-3.8362,True,0.0
de5aec2a-fc3e-46b8-8f1c-27b20e66f9ea,SHORT,39763.0,40562.01004303223,stop_loss,9,False,-1.0,39782.4,0.0488,False,40033.2,0.6795,False,40065.6,0.761,False,41649.1,4.7434,False,42559.0,7.0317,False,0.0
c297a60c-b1f8-4602-874e-3a0ac192c181,LONG,41945.6,41945.6,stop_loss,50,False,0.3,42121.1,0.4184,True,42973.4,2.4503,True,43370.6,3.3973,True,43688.6,4.1554,True,42900.0,2.2753,True,0.0
4264e88d-370e-4f87-ad76-42add6f905c6,LONG,41770.0,42204.22169109828,trailing_stop,20,False,0.9338,43603.3,4.389,True,43464.2,4.056,True,42850.0,2.5856,True,42624.9,2.0467,True,42784.4,2.4285,True,0.0
d7b97d5c-2aec-42fc-925f-470080642ac5,LONG,43427.7,42833.75689300786,stop_loss,22,False,-1.0,42365.3,-2.4464,False,42625.5,-1.8472,False,42911.1,-1.1896,False,43178.9,-0.5729,False,43016.2,-0.9476,False,0.0
51b053ac-d308-414a-b2aa-8fb14c0cc517,LONG,43330.0,42679.398891585486,stop_loss,5,False,-1.0,42181.6,-2.6504,False,43201.1,-0.2975,False,43041.0,-0.667,False,43040.6,-0.6679,False,42617.8,-1.6437,False,0.0
c36422f8-1fd0-49d9-b8a2-3e41d821f89e,LONG,43108.2,42622.541691730316,stop_loss,3,False,-1.0,43207.2,0.2297,True,43050.8,-0.1332,False,42966.5,-0.3287,False,43239.2,0.3039,True,42767.8,-0.7896,False,0.0
8dcca913-c4d0-4ab9-8435-d781242d1d62,LONG,43041.0,43041.0,stop_loss,48,False,0.0,42797.3,-0.5662,False,42718.2,-0.75,False,43178.1,0.3185,True,43642.2,1.3968,True,45282.0,5.2067,True,0.0
8475e48d-185d-43f7-ab0d-28d60299904f,LONG,43047.2,42610.72692201157,stop_loss,8,False,-0.4,42833.0,-0.4976,False,42915.6,-0.3057,False,43004.1,-0.1001,False,45048.7,4.6495,True,47034.7,9.2631,True,0.0
8a8afaac-580e-40ad-b545-05578a3bd422,LONG,44108.9,45132.14809864744,trailing_stop,19,False,1.6393,46271.5,4.9029,True,47034.7,6.6331,True,47259.3,7.1423,True,48239.7,9.365,True,48827.1,10.6967,True,0.0
9701b86a-bfd7-4936-ba40-37171ca71648,LONG,47163.8,48053.97644036886,trailing_stop,40,False,1.3481,48239.7,2.2812,True,48172.8,2.1394,True,49972.2,5.9546,True,49514.4,4.9839,True,52090.5,10.4459,True,0.0
062cfed1-ca1d-45fd-b269-a69a3d6b6c1a,LONG,48163.1,49943.367456,target_reached,9,False,2.2,49972.2,3.7562,True,48706.6,1.1285,True,51943.8,7.8498,True,52656.4,9.3293,True,51955.0,7.873,True,0.0
4d9509e1-d258-446a-8372-7fce56a22098,LONG,48861.4,50196.284098486365,trailing_stop,15,False,1.1295,51702.0,5.8136,True,51817.3,6.0496,True,51791.0,5.9957,True,51935.9,6.2923,True,51699.9,5.8093,True,0.0
c8690a71-9154-49bb-b7a3-97c40da30aa4,LONG,52656.4,51810.650132461364,stop_loss,1,False,-1.0,52198.1,-0.8704,False,51955.0,-1.332,False,50883.8,-3.3664,False,51932.1,-1.3755,False,52130.1,-0.9995,False,0.0
98e44cb2-1164-4390-a268-29910a25587b,LONG,52439.2,51909.44481541983,stop_loss,10,False,-1.0,51610.1,-1.5811,False,51706.3,-1.3976,False,51166.0,-2.428,False,51610.1,-1.5811,False,50934.4,-2.8696,False,0.0
e747f193-63f4-43ab-b7fb-75a559c06e36,LONG,52157.4,51584.585558234714,stop_loss,5,False,-0.4,52086.9,-0.1352,False,50957.6,-2.3003,False,51391.1,-1.4692,False,51151.9,-1.9278,False,51175.8,-1.882,False,0.0
e6958271-3678-442d-8818-4bf7d52a79df,LONG,51761.3,51414.86471000487,stop_loss,2,False,-1.0,51572.4,-0.3649,False,52899.2,2.1984,True,56780.0,9.6959,True,61006.6,17.8614,True,62811.1,21.3476,True,0.0
6c1ce29b-8bac-4f11-9375-e38582fcb098,LONG,58330.0,59851.97122312146,trailing_stop,6,False,1.4513,61427.2,5.3098,True,62745.3,7.5695,True,62292.0,6.7924,True,62158.8,6.564,True,62257.4,6.7331,True,0.0
69579fd8-de79-4bd8-b09e-adda8a87a11b,LONG,62534.0,60502.6110884345,stop_loss,1,False,-1.0,62543.0,0.0144,True,62250.1,-0.454,False,61481.4,-1.6832,False,61931.6,-0.9633,False,62911.0,0.6029,True,0.0
71816ddc-800c-482e-96a0-5a062bad3be8,LONG,62250.1,62250.1,stop_loss,48,False,0.0,61996.6,-0.4072,False,62220.1,-0.0482,False,66526.3,6.8694,True,66843.9,7.3796,True,66538.2,6.8885,True,0.0
c85b8c5f-9938-44cf-8d57-f85954baffd3,LONG,66257.1,67404.25593135071,trailing_stop,14,False,0.8656,66843.9,0.8856,True,63323.7,-4.4273,False,65911.8,-0.5212,False,67206.0,1.4321,True,68290.1,3.0684,True,0.0
0a33726c-ee58-49c3-afb9-78122de2a528,LONG,67648.5,66489.86152477306,stop_loss,10,False,0.2,68290.1,0.9484,True,68338.9,1.0206,True,69253.1,2.372,True,72051.0,6.5079,True,71792.4,6.1256,True,0.0
9c147b6c-3968-486c-ba4d-20c9ef412cf5,LONG,69484.1,68677.84576573991,stop_loss,10,False,-1.0,68374.9,-1.5963,False,71593.6,3.0359,True,72370.0,4.1533,True,72275.8,4.0178,True,71957.6,3.5598,True,0.0
241707e3-7c55-402d-a639-0a6aaee09178,LONG,68643.1,70518.23102830097,trailing_stop,4,False,1.5127,72549.9,5.6915,True,72340.0,5.3857,True,72829.5,6.0988,True,73656.2,7.3031,True,68694.3,0.0746,True,0.0
572f6242-d0d9-449f-bf34-472d4b85c22f,LONG,71679.8,70392.64397229598,stop_loss,13,False,-0.4,72142.5,0.6455,True,72671.2,1.3831,True,70894.1,-1.0961,False,68198.7,-4.8565,False,68423.6,-4.5427,False,0.0
6eed2d5b-4acf-42c4-93d8-7c97369867f5,LONG,68037.0,70474.93807894482,trailing_stop,8,False,1.7328,70760.2,4.0025,True,69875.6,2.7024,True,68955.9,1.3506,True,70735.6,3.9664,True,69680.0,2.4149,True,0.0
135c7b94-f4c0-43bd-9dc7-1a7975b7b4b0,LONG,70390.3,68644.50910174607,stop_loss,24,False,-1.0,69511.0,-1.2492,False,70934.3,0.7728,True,70510.0,0.1701,True,70214.0,-0.2505,False,70664.8,0.39,True,0.0
396695a8-e55e-4426-a716-d31c075800e8,LONG,71597.5,70324.48362777202,stop_loss,15,False,-1.0,69224.5,-3.3144,False,70133.2,-2.0452,False,70180.5,-1.9791,False,70516.4,-1.51,False,66620.0,-6.9521,False,0.0
ca629e39-c0aa-4fb8-9e0e-df925623edd1,LONG,70956.0,70364.45779443679,stop_loss,11,False,-1.0,68613.7,-3.3011,False,66620.0,-6.1108,False,66347.7,-6.4946,False,65502.5,-7.6857,False,67651.8,-4.6567,False,0.0
7039c654-30eb-4a48-9dc4-63bde255bcbb,SHORT,66095.8,67329.3632976444,stop_loss,26,False,-1.0,68605.0,3.7963,False,66902.2,1.22,False,67747.8,2.4994,False,69322.1,4.8812,False,72234.0,9.2868,False,0.0
7c9587ec-4f62-400b-8f40-49c257803894,LONG,69049.6,70248.60833965204,trailing_stop,33,False,1.4757,71953.8,4.206,True,70800.0,2.535,True,69410.8,0.5231,True,70735.0,2.4409,True,70898.1,2.6771,True,0.0
c5ededdf-b03e-4d8f-a99f-3d00e3f41ef8,LONG,71993.2,70644.61222288372,stop_loss,22,False,-1.0,68884.0,-4.3187,False,69296.0,-3.7465,False,70614.4,-1.9152,False,70986.2,-1.3987,False,67329.7,-6.4777,False,0.0
c11dcd54-960b-40ac-a728-cf648311da6e,SHORT,67556.0,64055.03127205808,target_reached,5,False,2.2,64624.0,-4.3401,True,64381.4,-4.6992,True,63115.2,-6.5735,True,62992.9,-6.7545,True,61418.2,-9.0855,True,0.0
b7b59ffd-4b1d-41d0-8c16-33913df7a1b5,SHORT,64101.9,66239.49462962437,stop_loss,21,False,-1.0,63873.2,-0.3568,True,62677.9,-2.2215,True,63894.4,-0.3237,True,61024.9,-4.8002,True,62064.0,-3.1792,True,0.0
73d8d61e-f5ba-4b85-ae33-89c15344340e,SHORT,62544.4,64257.58731447686,stop_loss,11,False,-1.0,63296.0,1.2017,False,60825.9,-2.7476,True,63471.5,1.4823,False,64026.1,2.369,False,64690.6,3.4315,False,0.0
f82f804b-1d71-4f98-8fc0-052ffaedb797,LONG,64774.9,66277.50413490264,trailing_stop,61,False,1.3484,66398.1,2.5059,True,66597.1,2.8131,True,64256.4,-0.8005,False,64362.2,-0.6371,False,63069.0,-2.6336,False,0.0
29bf2461-02fa-4dba-94cd-3aa9022b64b2,LONG,66883.9,65782.84165805337,stop_loss,23,False,-1.0,64520.2,-3.534,False,63390.2,-5.2235,False,64113.1,-4.1427,False,63013.1,-5.7873,False,63555.3,-4.9767,False,0.0
387fa661-eab4-4ca4-94ec-9ba575e974a3,SHORT,61985.6,62898.69319740602,stop_loss,1,False,-1.0,63583.4,2.5777,False,60800.1,-1.9125,True,57271.8,-7.6047,True,58417.3,-5.7567,True,61638.2,-0.5605,True,0.0
a6283a02-128f-4c90-8c05-3ba9352fed09,SHORT,56936.4,59351.704457515356,stop_loss,20,False,-1.0,59518.3,4.5347,False,61579.9,8.1556,False,63778.8,12.0176,False,64076.1,12.5398,False,63213.4,11.0246,False,0.0
9abda881-0f40-4e2e-86c3-4f3038e100d1,LONG,62871.8,64478.81182866363,trailing_stop,60,False,1.3238,63205.6,0.5309,True,63652.0,1.2409,True,62187.8,-1.0879,False,61233.8,-2.6053,False,63041.8,0.2704,True,0.0
41abe3a1-7e91-49d8-9c83-c6a802516f6a,LONG,63851.4,62795.334315084365,stop_loss,6,False,-1.0,63598.0,-0.3969,False,63159.5,-1.0836,False,62499.9,-2.1166,False,62235.2,-2.5312,False,60700.9,-4.9341,False,0.0
7e062680-2eb8-42b8-ac82-a5a1a9cec9cb,LONG,64211.1,63137.744341302394,stop_loss,5,False,-1.0,62588.8,-2.5265,False,62220.1,-3.1007,False,61478.7,-4.2553,False,62983.8,-1.9114,False,60686.3,-5.4894,False,0.0
fc28b120-67bb-471d-91d3-2ccd2aa6803d,LONG,62415.1,61464.530974927016,stop_loss,10,False,-1.0,61233.8,-1.8927,False,62426.2,0.0178,True,60686.3,-2.7698,False,61127.2,-2.0634,False,61379.9,-1.6586,False,0.0
fe8a48a2-1065-40be-a2d7-5f59322b820b,SHORT,44955.04,45443.12,stop_loss,14,False,-1.0,45113.67,0.3529,False,44901.33,-0.1195,True,44871.02,-0.1869,True,45321.86,0.816,False,44570.09,-0.8563,True,0.0
ec5c70f8-73a4-4c73-91e7-e6320e1fb3ac,LONG,45113.67,44629.21,stop_loss,15,False,-1.0,44840.35,-0.6058,False,45044.43,-0.1535,False,45181.25,0.1498,True,44639.56,-1.0509,False,44822.16,-0.6462,False,0.0
cc8ca234-abb7-4917-a222-199a7f25e2d2,SHORT,44851.96,45327.92,stop_loss,16,False,-1.0,45187.78,0.7487,False,45011.76,0.3563,False,44779.04,-0.1626,True,44605.78,-0.5489,True,45446.65,1.3259,False,0.0
dea8a513-7f6e-4f11-ac39-d34cbdfb2e0e,SHORT,44955.04,45443.12,stop_loss,14,False,-1.0,45113.67,0.3529,False,44901.33,-0.1195,True,44871.02,-0.1869,True,45321.86,0.816,False,44570.09,-0.8563,True,0.0
a30d6b47-ca77-46ea-ba62-c63642f3e913,LONG,45113.67,44629.21,stop_loss,15,False,-1.0,44840.35,-0.6058,False,45044.43,-0.1535,False,45181.25,0.1498,True,44639.56,-1.0509,False,44822.16,-0.6462,False,0.0
d192f76b-d379-460b-a010-a8f1bee52449,SHORT,44851.96,45327.92,stop_loss,16,False,-1.0,45187.78,0.7487,False,45011.76,0.3563,False,44779.04,-0.1626,True,44605.78,-0.5489,True,45446.65,1.3259,False,0.0
a0696d69-8144-462d-918f-fb0372a11d5d,LONG,66912.51,66092.75,stop_loss,7,False,-1.0,65549.13,-2.0376,False,64646.38,-3.3867,False,63005.19,-5.8394,False,61270.46,-8.432,False,60340.75,-9.8214,False,0.0
3de361a6-cf7e-4e0c-8664-2ffb12179655,LONG,66912.51,66092.75,stop_loss,7,False,-1.0,65549.13,-2.0376,False,64646.38,-3.3867,False,63005.19,-5.8394,False,61270.46,-8.432,False,60340.75,-9.8214,False,0.0
a1d0b5cd-33ab-4363-92fa-d8edba85d191,LONG,66912.51,66092.75,stop_loss,7,False,-1.0,65549.13,-2.0376,False,64646.38,-3.3867,False,63005.19,-5.8394,False,61270.46,-8.432,False,60340.75,-9.8214,False,0.0
922fd8b3-e500-4050-a4b4-7f3203bab380,LONG,66912.51,66092.75,stop_loss,7,False,-1.0,65549.13,-2.0376,False,64646.38,-3.3867,False,63005.19,-5.8394,False,61270.46,-8.432,False,60340.75,-9.8214,False,0.0
d1ee78e1-90bc-4e0e-a0e9-1067bbff9991,LONG,66912.51,66092.75,stop_loss,7,False,-1.0,65549.13,-2.0376,False,64646.38,-3.3867,False,63005.19,-5.8394,False,61270.46,-8.432,False,60340.75,-9.8214,False,0.0
91f6013f-04fe-47ab-b6db-efffa2b40b10,LONG,60434.95,61995.654,trailing_stop,28,False,1.8067,62943.58,4.151,True,63584.3,5.2111,True,65041.76,7.6228,True,67661.69,11.9579,True,70200.0,16.158,True,0.0
835b846f-da8c-43dc-8d33-d24cdb0965cf,LONG,62760.37,64222.59,trailing_stop,28,False,1.4964,65462.07,4.3048,True,67044.68,6.8265,True,71400.0,13.7661,True,70424.32,12.2114,True,,,,0.0
f9562530-9458-412b-b792-9a5ebf4c8256,LONG,65523.64,67471.24,trailing_stop,11,False,1.8243,70375.04,7.404,True,70200.0,7.1369,True,70481.78,7.5669,True,,,,,,,0.0
5bbd48c8-38e2-4998-a95b-52703bae9518,LONG,60434.95,61995.654,trailing_stop,28,False,1.8067,62943.58,4.151,True,63584.3,5.2111,True,65041.76,7.6228,True,67661.69,11.9579,True,70200.0,16.158,True,0.0
8bb8de5f-a8fe-4182-9d9c-064d6c241bac,LONG,62760.37,64222.59,trailing_stop,28,False,1.4964,65462.07,4.3048,True,67044.68,6.8265,True,71400.0,13.7661,True,70424.32,12.2114,True,,,,0.0
3634db89-50a9-4d54-b1d6-2ef77ee40383,LONG,65523.64,67471.24,trailing_stop,11,False,1.8243,70375.04,7.404,True,70200.0,7.1369,True,70481.78,7.5669,True,,,,,,,0.0
5dd11464-0fbd-4ed8-84be-b418f785063c,LONG,60434.95,61995.654,trailing_stop,28,False,1.8067,62943.58,4.151,True,63584.3,5.2111,True,65041.76,7.6228,True,67661.69,11.9579,True,70200.0,16.158,True,0.0
8624542f-8f91-4344-9ac2-eeefb241ccdf,LONG,62760.37,64222.59,trailing_stop,28,False,1.4964,65462.07,4.3048,True,67044.68,6.8265,True,71400.0,13.7661,True,70424.32,12.2114,True,,,,0.0
c836211f-a70b-434f-98f4-7c4d1337d413,LONG,65523.64,67471.24,trailing_stop,11,False,1.8243,70375.04,7.404,True,70200.0,7.1369,True,70481.78,7.5669,True,,,,,,,0.0
66403db6-397b-48d0-af95-6a313412f4b7,LONG,60434.95,61995.654,trailing_stop,28,False,1.8067,62943.58,4.151,True,63584.3,5.2111,True,65041.76,7.6228,True,67661.69,11.9579,True,70200.0,16.158,True,0.0
7e98a581-a351-4370-b8e5-7294811c3585,LONG,62760.37,64222.59,trailing_stop,28,False,1.4964,65462.07,4.3048,True,67044.68,6.8265,True,71400.0,13.7661,True,70424.32,12.2114,True,,,,0.0
b7e181a6-750e-4842-ae2b-0bfec292f481,LONG,65523.64,67471.24,trailing_stop,11,False,1.8243,70375.04,7.404,True,70200.0,7.1369,True,70481.78,7.5669,True,,,,,,,0.0
4cb85655-36a7-456b-b5dc-ac9a4ed20f53,LONG,60434.95,61995.654,trailing_stop,28,False,1.8067,62943.58,4.151,True,63584.3,5.2111,True,65041.76,7.6228,True,67661.69,11.9579,True,70200.0,16.158,True,0.0
8952c805-227a-4635-94e6-fabff564bcc2,LONG,62760.37,64222.59,trailing_stop,28,False,1.4964,65462.07,4.3048,True,67044.68,6.8265,True,71400.0,13.7661,True,70424.32,12.2114,True,,,,0.0
94ca2dd4-0ca0-426c-ada8-348eef771adb,LONG,65523.64,67471.24,trailing_stop,11,False,1.8243,70375.04,7.404,True,70200.0,7.1369,True,70481.78,7.5669,True,,,,,,,0.0
46ce0ce2-8217-444f-8827-4c941bd50a2d,LONG,60434.95,61995.654,trailing_stop,28,False,1.8067,62943.58,4.151,True,63584.3,5.2111,True,65041.76,7.6228,True,67661.69,11.9579,True,70200.0,16.158,True,0.0
01f0a7df-bdbb-4593-a249-9220f3043f7c,LONG,62760.37,64222.59,trailing_stop,28,False,1.4964,65462.07,4.3048,True,67044.68,6.8265,True,71400.0,13.7661,True,70424.32,12.2114,True,,,,0.0
1d59bb6d-198b-4d54-93e8-877272751146,LONG,65523.64,67471.24,trailing_stop,11,False,1.8243,70375.04,7.404,True,70200.0,7.1369,True,70481.78,7.5669,True,,,,,,,0.0
fa7e16be-22a8-4b70-8f5a-f03249804316,LONG,60434.95,61995.654,trailing_stop,28,False,1.8067,62943.58,4.151,True,63584.3,5.2111,True,65041.76,7.6228,True,67661.69,11.9579,True,70200.0,16.158,True,0.0
f40cb899-246c-49c2-9cb7-534d2e061f4f,LONG,62760.37,64222.59,trailing_stop,28,False,1.4964,65462.07,4.3048,True,67044.68,6.8265,True,71400.0,13.7661,True,72132.37,14.933,True,,,,0.0
ebe60ad2-5154-49db-b2e5-864ffff69951,LONG,65523.64,67471.24,trailing_stop,11,False,1.8243,70375.04,7.404,True,70200.0,7.1369,True,,,,,,,,,,0.0
02432705-2c96-4159-b751-a19432263bad,LONG,60434.95,61995.654,trailing_stop,28,False,1.8067,62943.58,4.151,True,63584.3,5.2111,True,65041.76,7.6228,True,67661.69,11.9579,True,70200.0,16.158,True,0.0
7cbd7fdc-05b8-4027-aa7f-d7ef3ad1dc8f,LONG,62760.37,64222.59,trailing_stop,28,False,1.4964,65462.07,4.3048,True,67044.68,6.8265,True,71400.0,13.7661,True,70424.32,12.2114,True,,,,0.0
765183d7-acd6-4e1a-9fac-24098b5bad29,LONG,65523.64,67471.24,trailing_stop,11,False,1.8243,70375.04,7.404,True,70200.0,7.1369,True,70481.78,7.5669,True,,,,,,,0.0
8942a038-7dca-44ce-8501-fc51ea2bf0da,LONG,60434.95,61995.654,trailing_stop,28,False,1.8067,62943.58,4.151,True,63584.3,5.2111,True,65041.76,7.6228,True,67642.53,11.9262,True,70400.0,16.4889,True,0.0
4f95f52b-e461-4811-9f39-bb9f961481b5,LONG,62760.37,64222.59,trailing_stop,28,False,1.4964,65462.07,4.3048,True,67031.27,6.8051,True,71100.0,13.2881,True,71747.02,14.319,True,,,,0.0
d3dad4c8-11f3-4548-8cfe-ce1a5197b548,LONG,65523.64,67451.562,trailing_stop,11,False,1.8129,70332.9,7.3397,True,70400.0,7.4421,True,72332.37,10.3913,True,,,,,,,0.0
de5fc79c-8acf-435d-a49a-1aaa55b5b637,LONG,60434.95,61995.654,trailing_stop,28,False,1.8067,62943.58,4.151,True,63584.3,5.2111,True,65041.76,7.6228,True,67642.53,11.9262,True,70400.0,16.4889,True,0.0
fd089e62-aadf-4c86-9683-97d6a823e455,LONG,62760.37,64222.59,trailing_stop,28,False,1.4964,65462.07,4.3048,True,67031.27,6.8051,True,71100.0,13.2881,True,71747.02,14.319,True,,,,0.0
b8a3c18c-bc84-4af9-b1ca-9f210795ffc2,LONG,65523.64,67451.562,trailing_stop,11,False,1.8129,70332.9,7.3397,True,70400.0,7.4421,True,72332.37,10.3913,True,,,,,,,0.0
57ea86db-5123-414f-b039-83a1aa52b9e5,LONG,60434.95,61995.654,trailing_stop,28,False,1.8067,62943.58,4.151,True,63584.3,5.2111,True,65041.76,7.6228,True,67642.53,11.9262,True,70400.0,16.4889,True,0.0
fe6992d6-cf02-48e5-8cd1-393bbc415ae1,LONG,62760.37,64222.59,trailing_stop,28,False,1.4964,65462.07,4.3048,True,67031.27,6.8051,True,71100.0,13.2881,True,71747.02,14.319,True,,,,0.0
c1773c21-0d5e-4a0b-88cc-558979464f17,LONG,65523.64,67451.562,trailing_stop,11,False,1.8129,70332.9,7.3397,True,70400.0,7.4421,True,72332.37,10.3913,True,,,,,,,0.0
e226734a-772a-4ad0-9858-3c6c935dab2b,LONG,60434.95,61995.654,trailing_stop,28,False,1.8067,62943.58,4.151,True,63584.3,5.2111,True,65041.76,7.6228,True,67642.53,11.9262,True,70400.0,16.4889,True,0.0
05bdcea4-0380-464e-b990-1cb7ab203a9b,LONG,62760.37,64222.59,trailing_stop,28,False,1.4964,65462.07,4.3048,True,67031.27,6.8051,True,71100.0,13.2881,True,71747.02,14.319,True,,,,0.0
927465d4-c466-4640-9362-9b02fb67463e,LONG,65523.64,67451.562,trailing_stop,11,False,1.8129,70332.9,7.3397,True,70400.0,7.4421,True,72332.37,10.3913,True,,,,,,,0.0
bb656648-41c4-4384-83f3-43d4f27b406e,LONG,60434.95,61995.654,trailing_stop,28,False,1.8067,62943.58,4.151,True,63584.3,5.2111,True,65041.76,7.6228,True,67661.69,11.9579,True,70200.0,16.158,True,0.0
5144a39d-7fda-43d7-aefb-a41d088e08d6,LONG,62760.37,64222.59,trailing_stop,28,False,1.4964,65462.07,4.3048,True,67044.68,6.8265,True,71400.0,13.7661,True,70424.32,12.2114,True,,,,0.0
4df3c195-e452-48fd-a4b5-43e864f4f88f,LONG,65523.64,67471.24,trailing_stop,11,False,1.8243,70375.04,7.404,True,70200.0,7.1369,True,70481.78,7.5669,True,,,,,,,0.0
008e1c7a-d8d6-48aa-ba79-48413f5d92a8,LONG,60434.95,61995.654,trailing_stop,28,False,1.8067,62943.58,4.151,True,63584.3,5.2111,True,65041.76,7.6228,True,67661.69,11.9579,True,70200.0,16.158,True,0.0
3b0db876-01d8-489a-9202-5f931ba0f966,LONG,62760.37,64222.59,trailing_stop,28,False,1.4964,65462.07,4.3048,True,67044.68,6.8265,True,71400.0,13.7661,True,72132.37,14.933,True,,,,0.0
8e4f0206-e29a-4616-baa4-95d760cf3c8d,LONG,65523.64,67471.24,trailing_stop,11,False,1.8243,70375.04,7.404,True,70200.0,7.1369,True,,,,,,,,,,0.0
697b0f47-c95d-4eb4-8e39-e166835b0ba3,LONG,60434.95,61995.654,trailing_stop,28,False,1.8067,62943.58,4.151,True,63584.3,5.2111,True,65041.76,7.6228,True,67661.69,11.9579,True,70200.0,16.158,True,0.0
9f3985b2-7efd-4e2d-96e5-2e80a65f1eb9,LONG,62760.37,64222.59,trailing_stop,28,False,1.4964,65462.07,4.3048,True,67044.68,6.8265,True,71400.0,13.7661,True,70424.32,12.2114,True,,,,0.0
c40ed280-fdd9-4b0d-9fdb-f705b83479fb,LONG,65523.64,67471.24,trailing_stop,11,False,1.8243,70375.04,7.404,True,70200.0,7.1369,True,70481.78,7.5669,True,,,,,,,0.0
56cd4517-cd67-4990-9593-76adab819290,LONG,60434.95,61995.654,trailing_stop,28,False,1.8067,62943.58,4.151,True,63584.3,5.2111,True,65041.76,7.6228,True,67642.53,11.9262,True,70400.0,16.4889,True,0.0
d8a188b0-66b2-4a58-9b44-c3808e0c2ad7,LONG,62760.37,64222.59,trailing_stop,28,False,1.4964,65462.07,4.3048,True,67031.27,6.8051,True,71100.0,13.2881,True,71747.02,14.319,True,,,,0.0
42ac4f74-e148-41e5-977e-0885d0fdf8bb,LONG,65523.64,67451.562,trailing_stop,11,False,1.8129,70332.9,7.3397,True,70400.0,7.4421,True,72332.37,10.3913,True,,,,,,,0.0
4448860c-fd3e-496d-80cd-bc16b3538211,LONG,60434.95,61995.654,trailing_stop,28,False,1.8067,62943.58,4.151,True,63584.3,5.2111,True,65041.76,7.6228,True,67661.69,11.9579,True,70200.0,16.158,True,0.0
c98f23ee-21ae-417b-a568-2c10b3bb0352,LONG,62760.37,64222.59,trailing_stop,28,False,1.4964,65462.07,4.3048,True,67044.68,6.8265,True,71400.0,13.7661,True,72132.37,14.933,True,,,,0.0
3e2fe5cd-0595-4e14-b194-24dc8129d91b,LONG,65523.64,67471.24,trailing_stop,11,False,1.8243,70375.04,7.404,True,70200.0,7.1369,True,,,,,,,,,,0.0
71bc72a3-0a14-4000-aa75-29bf4272a1fc,SHORT,61160.87,61856.59,stop_loss,7,False,-1.0,62006.16,1.3821,False,62485.3,2.1655,False,63418.48,3.6913,False,64458.55,5.3918,False,65523.11,7.1324,False,0.0
b9cab640-28a3-4fc3-b6a5-b7cdca03ecfb,LONG,63671.36,65127.18,trailing_stop,41,False,1.5202,66130.88,3.8628,True,66262.91,4.0702,True,67131.43,5.4343,True,60449.87,-5.0596,False,55739.9,-12.4569,False,0.0
156932b4-7e20-4167-b566-76d5cc58143e,LONG,66191.88,66911.1,trailing_stop,27,False,1.1933,61500.0,-7.0883,False,60500.0,-8.5991,False,55169.73,-16.6518,False,,,,,,,0.0
d0798740-ede7-410e-aa55-dc49c68193ac,LONG,62789.01,64232.11,trailing_stop,28,False,1.5013,65447.1,4.2334,True,67047.72,6.7826,True,71400.0,13.7142,True,70963.5,13.019,True,,,,0.0
fca62f8f-bd35-4ed7-bff2-5715cc3aaaad,LONG,65520.69,67256.106,trailing_stop,10,False,1.7266,70184.53,7.1181,True,70400.0,7.447,True,71538.32,9.1843,True,,,,,,,0.0
51db1188-86c7-4719-8888-f9f1774b3d2a,LONG,66912.51,66092.75,stop_loss,7,False,-1.0,65549.13,-2.0376,False,64646.38,-3.3867,False,63005.19,-5.8394,False,61270.46,-8.432,False,60340.75,-9.8214,False,0.0
97c9db54-aab6-4c8d-9f90-550d053e91d4,LONG,60394.0,61687.66,trailing_stop,36,False,1.5002,61857.92,2.4239,True,62525.81,3.5298,True,63408.42,4.9913,True,64186.39,6.2794,True,65565.34,8.5627,True,0.0
95b255f6-1706-4aeb-ab74-36ef522b9284,LONG,62140.85,62890.435,trailing_stop,22,False,0.9561,63583.45,2.3215,True,63618.67,2.3782,True,66749.45,7.4164,True,69829.33,12.3727,True,68000.0,9.4288,True,0.0
c3e672db-a5a2-4e35-b0e3-3722c942ed87,LONG,62800.5,64381.06,trailing_stop,31,False,1.5175,66645.82,6.1231,True,67592.29,7.6302,True,71197.17,13.3704,True,71533.68,13.9062,True,,,,0.0
0cb4cedc-b4f2-4b28-9138-8d3ecacbb493,LONG,61027.47,62093.39,trailing_stop,16,False,1.4367,63018.68,3.2628,True,63433.25,3.9421,True,64522.45,5.7269,True,66032.62,8.2015,True,64308.22,5.3759,True,0.0
305af4ef-cc7f-4988-89c7-7cfca0e700c1,LONG,65690.97,66380.86,trailing_stop,22,False,0.8795,63631.4,-3.1352,False,63279.81,-3.6705,False,58139.81,-11.495,False,54319.51,-17.3105,False,51500.0,-21.6026,False,0.0
3503f13e-f56f-42a5-a639-c64f8942ad30,LONG,63595.25,64339.04,trailing_stop,23,False,0.9685,64140.87,0.858,True,65309.52,2.6956,True,65963.63,3.7241,True,68228.6,7.2857,True,70811.14,11.3466,True,0.0
a7ec1bbd-70ab-4855-a2ad-dc6aec6a177e,LONG,65226.6,66191.42,trailing_stop,22,False,1.3639,68472.54,4.9764,True,68795.13,5.471,True,73476.5,12.6481,True,76862.39,17.839,True,,,,0.0
ed059db8-e983-4730-8683-8e217a2c9a6b,SHORT,44955.04,45443.12,stop_loss,14,False,-1.0,45113.67,0.3529,False,44901.33,-0.1195,True,44871.02,-0.1869,True,45321.86,0.816,False,44570.09,-0.8563,True,0.0
e68e029f-869d-432d-b310-a508d42cc3dd,LONG,45113.67,44629.21,stop_loss,15,False,-1.0,44840.35,-0.6058,False,45044.43,-0.1535,False,45181.25,0.1498,True,44639.56,-1.0509,False,44822.16,-0.6462,False,0.0
82893ac7-a7d4-4478-b668-8c28af479032,SHORT,44851.96,45327.92,stop_loss,16,False,-1.0,45187.78,0.7487,False,45011.76,0.3563,False,44779.04,-0.1626,True,44605.78,-0.5489,True,45446.65,1.3259,False,0.0
93fa255a-ce5d-4ea3-bd70-c0660a0f9e15,LONG,60394.0,61687.66,trailing_stop,36,False,1.5002,61857.92,2.4239,True,62525.81,3.5298,True,63408.42,4.9913,True,64186.39,6.2794,True,65565.34,8.5627,True,0.0
92e60ea0-18c5-48b5-8c31-a42092fef7fc,LONG,62140.85,62890.435,trailing_stop,22,False,0.9561,63583.45,2.3215,True,63618.67,2.3782,True,66749.45,7.4164,True,69829.33,12.3727,True,68000.0,9.4288,True,0.0
14877405-1626-4395-b0dd-6afc6951636e,LONG,62800.5,64381.06,trailing_stop,31,False,1.5175,66645.82,6.1231,True,67592.29,7.6302,True,71197.17,13.3704,True,71533.68,13.9062,True,,,,0.0
f4cf4017-e654-4b61-a2d5-ec1733621091,LONG,65000.0,62500.0,stop_loss,0,False,-1.0,,,,,,,,,,,,,,,,0.0
5a9e755f-acdb-4eb8-a27d-b4dcde19d0c9,SHORT,41844.5,41303.932202490236,trailing_stop,4,False,0.8456,40934.7,-2.1742,True,41902.3,0.1381,False,42613.2,1.837,False,41818.0,-0.0633,True,42632.1,1.8822,False,0.0
0615b99d-4ebf-4845-bc21-bff7ddeceb6b,SHORT,41488.4,42143.29073584457,stop_loss,3,False,-1.0,42746.5,3.0324,False,42458.3,2.3378,False,41921.7,1.0444,False,42653.5,2.8083,False,41838.5,0.8439,False,0.0
74099c12-0132-4fa6-96c4-ef9355f2e882,SHORT,42590.2,43431.102641429265,stop_loss,4,False,-1.0,42836.2,0.5776,False,41818.0,-1.8131,True,42632.1,0.0984,False,42154.3,-1.0235,True,41512.8,-2.5297,True,0.0
27c0315d-17a6-445b-8e6f-f1a09cec05b3,SHORT,40845.9,41451.763313941796,stop_loss,3,False,-1.0,42745.6,4.6509,False,42980.0,5.2248,False,43004.1,5.2838,False,44084.9,7.9298,False,43596.0,6.7329,False,0.0
87ab3968-6abc-4ce6-b59f-9554b12db820,LONG,42648.3,41905.74734359087,stop_loss,20,False,-0.4,42838.0,0.4448,True,43722.5,2.5187,True,43700.0,2.466,True,43582.1,2.1895,True,43809.4,2.7225,True,0.0
fb30131a-fb67-4aef-9f14-0e864294e718,LONG,42251.9,43478.837631134564,trailing_stop,19,False,1.5518,43623.1,3.2453,True,44084.9,4.3383,True,43596.0,3.1812,True,43736.1,3.5127,True,43679.4,3.3785,True,0.0
de64cb83-1806-46ba-870f-0e146672629b,LONG,43684.5,43239.669699292375,stop_loss,17,False,-1.0,42366.6,-3.0169,False,42340.8,-3.0759,False,43354.9,-0.7545,False,42706.0,-2.2399,False,42034.5,-3.7771,False,0.0
a9ecec44-618e-4c5b-a28a-03ec6a37209c,SHORT,42750.9,43247.43347717483,stop_loss,2,False,-1.0,43391.3,1.498,False,43095.1,0.8051,False,42693.1,-0.1352,True,41728.6,-2.3913,True,42784.3,0.0781,False,0.0
68c3a62c-cef5-4739-9240-5b395043fe04,SHORT,43072.7,43605.42894965855,stop_loss,9,False,-1.0,43091.8,0.0443,False,42660.1,-0.9579,True,42164.6,-2.1083,True,42398.1,-1.5662,True,42660.5,-0.957,True,0.0
3de87894-f8e7-4d3b-b48a-b51678d7364b,LONG,43153.8,44008.39627577105,trailing_stop,5,False,1.6902,45658.7,5.8046,True,45024.9,4.3359,True,42783.8,-0.8574,False,44336.0,2.7395,True,43975.9,1.905,True,0.0
cc73664a-1797-46bd-bf75-dc86b9f68204,LONG,45230.3,44389.34216652165,stop_loss,20,False,-1.0,42783.8,-5.409,False,43104.0,-4.7011,False,43640.8,-3.5142,False,43709.0,-3.3635,False,43974.0,-2.7776,False,0.0
a0a3a142-50a1-4254-ae9a-d5164fa6822f,LONG,43965.7,43965.7,stop_loss,50,False,0.0,43731.6,-0.5325,False,47082.0,7.088,True,45455.6,3.3888,True,45970.7,4.5604,True,46168.8,5.011,True,0.0
0a3b5554-cb20-4045-b45a-d819e4cf314c,LONG,43920.3,44511.972907351315,trailing_stop,6,False,0.9261,46972.8,6.9501,True,46643.9,6.2012,True,45544.0,3.6969,True,47067.1,7.1648,True,45968.8,4.6641,True,0.0
68ba0a80-8ac2-4c9b-8f3c-3d9bde2fac63,LONG,44925.9,46558.20839345932,trailing_stop,5,False,1.7174,46741.4,4.0411,True,46725.9,4.0066,True,46426.0,3.3391,True,46528.4,3.567,True,43841.8,-2.4131,False,0.0
64fafdec-4b52-4d60-8a77-b0bbc9007341,LONG,46577.7,45550.20666240703,stop_loss,7,False,-0.4,45340.8,-2.6556,False,46137.2,-0.9457,False,46241.8,-0.7212,False,43689.1,-6.2017,False,42870.0,-7.9602,False,0.0
71b485b2-6bf3-46eb-9b8b-cb2122bf633b,LONG,45578.4,47902.20742128423,trailing_stop,23,False,1.6492,46149.4,1.2528,True,45794.3,0.4737,True,42749.9,-6.2058,False,42895.0,-5.8874,False,42866.3,-5.9504,False,0.0
5176bd36-461d-47ac-adb9-8bdcea0d4b37,SHORT,42812.3,42812.3,stop_loss,48,False,0.3,42762.8,-0.1156,True,43044.6,0.5426,False,42374.8,-1.0219,True,41823.0,-2.3108,True,41256.1,-3.6349,True,0.0
64149d34-8020-45fd-ba0c-6f873c9ac21a,SHORT,40973.2,41576.74566353804,stop_loss,4,False,-0.4,41629.5,1.6018,False,41583.0,1.4883,False,41671.7,1.7048,False,40719.6,-0.6189,True,39401.4,-3.8362,True,0.0
73704edf-1032-4d17-95d5-a395939d0014,SHORT,39763.0,40562.01004303223,stop_loss,9,False,-1.0,39782.4,0.0488,False,40033.2,0.6795,False,40065.6,0.761,False,41649.1,4.7434,False,42559.0,7.0317,False,0.0
cd843bac-7d06-44c4-b7c7-771469fd8273,LONG,41945.6,41945.6,stop_loss,50,False,0.3,42121.1,0.4184,True,42973.4,2.4503,True,43370.6,3.3973,True,43688.6,4.1554,True,42900.0,2.2753,True,0.0
afcb51af-0f55-488f-a8f5-5f52aa076b92,LONG,41770.0,42204.22169109828,trailing_stop,20,False,0.9338,43603.3,4.389,True,43464.2,4.056,True,42850.0,2.5856,True,42624.9,2.0467,True,42784.4,2.4285,True,0.0
a8194e73-5f46-4fe5-8142-8b7025dbf8c4,LONG,43427.7,42833.75689300786,stop_loss,22,False,-1.0,42365.3,-2.4464,False,42625.5,-1.8472,False,42911.1,-1.1896,False,43178.9,-0.5729,False,43016.2,-0.9476,False,0.0
5181b397-4f13-4616-b4ca-667fbdc3a713,LONG,43330.0,42679.398891585486,stop_loss,5,False,-1.0,42181.6,-2.6504,False,43201.1,-0.2975,False,43041.0,-0.667,False,43040.6,-0.6679,False,42617.8,-1.6437,False,0.0
a8d904f5-e5b8-412c-a2e8-c299ac71dbf1,LONG,43108.2,42622.541691730316,stop_loss,3,False,-1.0,43207.2,0.2297,True,43050.8,-0.1332,False,42966.5,-0.3287,False,43239.2,0.3039,True,42767.8,-0.7896,False,0.0
f2171645-e335-44e2-bfee-753d3f22e27a,LONG,43041.0,43041.0,stop_loss,48,False,0.0,42797.3,-0.5662,False,42718.2,-0.75,False,43178.1,0.3185,True,43642.2,1.3968,True,45282.0,5.2067,True,0.0
260c53b7-2673-47d9-bc6f-8bef2fb81bcd,LONG,43047.2,42610.72692201157,stop_loss,8,False,-0.4,42833.0,-0.4976,False,42915.6,-0.3057,False,43004.1,-0.1001,False,45048.7,4.6495,True,47034.7,9.2631,True,0.0
06ef1127-3319-4ee9-92e2-cbfa25a4ab0c,LONG,44108.9,45132.14809864744,trailing_stop,19,False,1.6393,46271.5,4.9029,True,47034.7,6.6331,True,47259.3,7.1423,True,48239.7,9.365,True,48827.1,10.6967,True,0.0
92ab65ae-fd98-408b-9448-e8f265542403,LONG,47163.8,48053.97644036886,trailing_stop,40,False,1.3481,48239.7,2.2812,True,48172.8,2.1394,True,49972.2,5.9546,True,49514.4,4.9839,True,52090.5,10.4459,True,0.0
f7f20385-d8fe-41d4-8db5-c27cd0fd20a0,LONG,48163.1,49943.367456,target_reached,9,False,2.2,49972.2,3.7562,True,48706.6,1.1285,True,51943.8,7.8498,True,52656.4,9.3293,True,51955.0,7.873,True,0.0
db5f4394-db4e-4b49-ac61-11393536c2b9,LONG,48861.4,50196.284098486365,trailing_stop,15,False,1.1295,51702.0,5.8136,True,51817.3,6.0496,True,51791.0,5.9957,True,51935.9,6.2923,True,51699.9,5.8093,True,0.0
d6ecb458-2650-4d14-9b42-2db6ea07e0a5,LONG,52656.4,51810.650132461364,stop_loss,1,False,-1.0,52198.1,-0.8704,False,51955.0,-1.332,False,50883.8,-3.3664,False,51932.1,-1.3755,False,52130.1,-0.9995,False,0.0
8745c26c-be89-4539-9fc4-643fa93f5093,LONG,52439.2,51909.44481541983,stop_loss,10,False,-1.0,51610.1,-1.5811,False,51706.3,-1.3976,False,51166.0,-2.428,False,51610.1,-1.5811,False,50934.4,-2.8696,False,0.0
20838b43-1fa6-4545-8d0c-556bcd18f650,LONG,52157.4,51584.585558234714,stop_loss,5,False,-0.4,52086.9,-0.1352,False,50957.6,-2.3003,False,51391.1,-1.4692,False,51151.9,-1.9278,False,51175.8,-1.882,False,0.0
ff826604-b1ad-4f55-a425-04a1e6073ab1,LONG,51761.3,51414.86471000487,stop_loss,2,False,-1.0,51572.4,-0.3649,False,52899.2,2.1984,True,56780.0,9.6959,True,61006.6,17.8614,True,62811.1,21.3476,True,0.0
b07b7387-e8c6-4c0d-ba78-e01af8bdb23e,LONG,51725.7,52588.361699500885,trailing_stop,1,False,1.6051,56419.2,9.0738,True,57019.8,10.235,True,61042.3,18.0115,True,62959.2,21.7174,True,62013.8,19.8897,True,0.0
673b3efb-a739-4c8f-b836-07be625c2755,LONG,58330.0,59851.97122312146,trailing_stop,6,False,1.4513,61427.2,5.3098,True,62745.3,7.5695,True,62292.0,6.7924,True,62158.8,6.564,True,62257.4,6.7331,True,0.0
6fb56e0a-b646-4f31-b774-1bc5f8a4269a,LONG,62534.0,60502.6110884345,stop_loss,1,False,-1.0,62543.0,0.0144,True,62250.1,-0.454,False,61481.4,-1.6832,False,61931.6,-0.9633,False,62911.0,0.6029,True,0.0
2ea080a6-4e2a-4554-9b94-c00bfce84ad3,LONG,62250.1,62250.1,stop_loss,48,False,0.0,61996.6,-0.4072,False,62220.1,-0.0482,False,66526.3,6.8694,True,66843.9,7.3796,True,66538.2,6.8885,True,0.0
c206db19-212b-4976-8485-f2928d0d7000,LONG,66257.1,67404.25593135071,trailing_stop,14,False,0.8656,66843.9,0.8856,True,63323.7,-4.4273,False,65911.8,-0.5212,False,67206.0,1.4321,True,68290.1,3.0684,True,0.0
e8b970bd-6c5c-473d-9c87-8c1a247e8660,LONG,67648.5,66489.86152477306,stop_loss,10,False,0.2,68290.1,0.9484,True,68338.9,1.0206,True,69253.1,2.372,True,72051.0,6.5079,True,71792.4,6.1256,True,0.0
1ddab926-30cc-4f4c-aab8-ad6c71d83011,LONG,69484.1,68677.84576573991,stop_loss,10,False,-1.0,68374.9,-1.5963,False,71593.6,3.0359,True,72370.0,4.1533,True,72275.8,4.0178,True,71957.6,3.5598,True,0.0
7a3b15e1-21c9-4757-b1c6-0b6a8b8c5059,LONG,68643.1,70518.23102830097,trailing_stop,4,False,1.5127,72549.9,5.6915,True,72340.0,5.3857,True,72829.5,6.0988,True,73656.2,7.3031,True,68694.3,0.0746,True,0.0
b0b2b590-4ab2-4850-b178-c99a1e514dd8,LONG,71679.8,70392.64397229598,stop_loss,13,False,-0.4,72142.5,0.6455,True,72671.2,1.3831,True,70894.1,-1.0961,False,68198.7,-4.8565,False,68423.6,-4.5427,False,0.0
289e66ca-5c7e-465b-905a-c55c62954224,LONG,68037.0,70474.93807894482,trailing_stop,8,False,1.7328,70760.2,4.0025,True,69875.6,2.7024,True,68955.9,1.3506,True,70735.6,3.9664,True,69680.0,2.4149,True,0.0
97ae7134-02dd-430b-baf7-c1871feac409,LONG,70390.3,68644.50910174607,stop_loss,24,False,-1.0,69511.0,-1.2492,False,70934.3,0.7728,True,70510.0,0.1701,True,70214.0,-0.2505,False,70664.8,0.39,True,0.0
388d4694-ddee-4a48-9424-3004356b395e,LONG,71597.5,70324.48362777202,stop_loss,15,False,-1.0,69224.5,-3.3144,False,70133.2,-2.0452,False,70180.5,-1.9791,False,70516.4,-1.51,False,66620.0,-6.9521,False,0.0
e0a901a3-b942-4417-87d9-d24a7e98a618,LONG,70956.0,70364.45779443679,stop_loss,11,False,-1.0,68613.7,-3.3011,False,66620.0,-6.1108,False,66347.7,-6.4946,False,65502.5,-7.6857,False,67651.8,-4.6567,False,0.0
d1afd3f3-0f75-4227-b1a3-bd620b0c65b5,SHORT,66095.8,67329.3632976444,stop_loss,26,False,-1.0,68605.0,3.7963,False,66902.2,1.22,False,67747.8,2.4994,False,69322.1,4.8812,False,72234.0,9.2868,False,0.0
b2e3127d-5b52-46c2-81de-79a45d4027a6,LONG,69049.6,70248.60833965204,trailing_stop,33,False,1.4757,71953.8,4.206,True,70800.0,2.535,True,69410.8,0.5231,True,70735.0,2.4409,True,70898.1,2.6771,True,0.0
2f7c1a08-c0ad-4462-bf2a-3ffdcc2f6e57,LONG,71993.2,70644.61222288372,stop_loss,22,False,-1.0,68884.0,-4.3187,False,69296.0,-3.7465,False,70614.4,-1.9152,False,70986.2,-1.3987,False,67329.7,-6.4777,False,0.0
deae37d2-7a66-44a0-9933-174772045d18,SHORT,67556.0,64055.03127205808,target_reached,5,False,2.2,64624.0,-4.3401,True,64381.4,-4.6992,True,63115.2,-6.5735,True,62992.9,-6.7545,True,61418.2,-9.0855,True,0.0
a042cd38-fb14-438c-8c09-780f6741b0d3,SHORT,64101.9,66239.49462962437,stop_loss,21,False,-1.0,63873.2,-0.3568,True,62677.9,-2.2215,True,63894.4,-0.3237,True,61024.9,-4.8002,True,62064.0,-3.1792,True,0.0
f0b22703-7805-4c4a-ad9a-974dc4062327,SHORT,62544.4,64257.58731447686,stop_loss,11,False,-1.0,63296.0,1.2017,False,60825.9,-2.7476,True,63471.5,1.4823,False,64026.1,2.369,False,64690.6,3.4315,False,0.0
0d3f4cd7-6656-49a9-bc10-d6e4484050f7,LONG,64774.9,66277.50413490264,trailing_stop,61,False,1.3484,66398.1,2.5059,True,66597.1,2.8131,True,64256.4,-0.8005,False,64362.2,-0.6371,False,63069.0,-2.6336,False,0.0
0ec4b5a7-8f72-4861-bb63-285ca4885080,LONG,66883.9,65782.84165805337,stop_loss,23,False,-1.0,64520.2,-3.534,False,63390.2,-5.2235,False,64113.1,-4.1427,False,63013.1,-5.7873,False,63555.3,-4.9767,False,0.0
749b0c28-0c59-4169-93e9-a741bdb0219a,LONG,64520.2,63466.424076375646,stop_loss,10,False,-1.0,64660.7,0.2178,True,64461.9,-0.0904,False,62959.7,-2.4186,False,63738.1,-1.2122,False,62522.0,-3.097,False,0.0
fb9700e2-00cb-4012-9b83-9d2b0e82d917,SHORT,62712.1,63490.734292869754,stop_loss,1,False,-1.0,63819.9,1.7665,False,63674.6,1.5348,False,62761.3,0.0785,False,60304.9,-3.8385,True,57022.6,-9.0724,True,0.0
567c9f3a-2c5c-4e65-9dca-839e42b61174,SHORT,62159.4,63221.69806908076,stop_loss,16,False,-1.0,61645.5,-0.8267,True,60146.3,-3.2386,True,57877.6,-6.8884,True,59075.1,-4.9619,True,62699.2,0.8684,False,0.0
203237c9-b6f5-40ae-a8d1-7ddf7ae82561,SHORT,59276.4,60615.88154175067,stop_loss,3,False,-1.0,57080.3,-3.7048,True,57877.6,-2.3598,True,59075.1,-0.3396,True,62699.2,5.7743,False,63872.6,7.7538,False,0.0
45f020c4-48d2-42ef-a7f5-048202789821,SHORT,57474.0,59330.745520896024,stop_loss,11,False,-1.0,57462.3,-0.0204,True,59161.9,2.9368,False,61771.6,7.4775,False,63431.9,10.3663,False,64186.1,11.6785,False,0.0
b7ed04d3-026c-4250-8745-556d3bbff4ed,SHORT,41844.5,41303.932202490236,trailing_stop,4,False,0.8456,40934.7,-2.1742,True,41902.3,0.1381,False,42613.2,1.837,False,41818.0,-0.0633,True,42632.1,1.8822,False,0.0
f4272673-5a17-4d05-9647-46b65df70514,SHORT,41488.4,42143.29073584457,stop_loss,3,False,-1.0,42746.5,3.0324,False,42458.3,2.3378,False,41921.7,1.0444,False,42653.5,2.8083,False,41838.5,0.8439,False,0.0
368b891b-b61c-4438-95f7-e62193d1c198,SHORT,42590.2,43431.102641429265,stop_loss,4,False,-1.0,42836.2,0.5776,False,41818.0,-1.8131,True,42632.1,0.0984,False,42154.3,-1.0235,True,41512.8,-2.5297,True,0.0
28fd8d79-e9f1-4331-a4df-9f601861c3ad,SHORT,40845.9,41451.763313941796,stop_loss,3,False,-1.0,42745.6,4.6509,False,42980.0,5.2248,False,43004.1,5.2838,False,44084.9,7.9298,False,43596.0,6.7329,False,0.0
6722e289-3cbb-484e-92b5-85e066fa4054,LONG,42648.3,41905.74734359087,stop_loss,20,False,-0.4,42838.0,0.4448,True,43722.5,2.5187,True,43700.0,2.466,True,43582.1,2.1895,True,43809.4,2.7225,True,0.0
7ad45a75-5630-4b19-bdc0-f9e19b392e64,LONG,42549.1,43314.55644670185,trailing_stop,16,False,1.061,43623.1,2.5241,True,44084.9,3.6095,True,43596.0,2.4605,True,43736.1,2.7897,True,43679.4,2.6565,True,0.0
b2d4e06c-dc27-461c-b848-6239334f418f,LONG,43684.5,43239.669699292375,stop_loss,17,False,-1.0,42366.6,-3.0169,False,42340.8,-3.0759,False,43354.9,-0.7545,False,42706.0,-2.2399,False,42034.5,-3.7771,False,0.0
ad325c9d-c4dd-45d3-ab76-6f1917b2ea4a,SHORT,42750.9,43247.43347717483,stop_loss,2,False,-1.0,43391.3,1.498,False,43095.1,0.8051,False,42693.1,-0.1352,True,41728.6,-2.3913,True,42784.3,0.0781,False,0.0
9ada46a7-dbc0-4320-a67b-5d9b47dff68a,SHORT,43072.7,43605.42894965855,stop_loss,9,False,-1.0,43091.8,0.0443,False,42660.1,-0.9579,True,42164.6,-2.1083,True,42398.1,-1.5662,True,42660.5,-0.957,True,0.0
640cecb6-c6d2-4cbf-9e58-4658cbb42a3b,LONG,43153.8,44008.39627577105,trailing_stop,5,False,1.6902,45658.7,5.8046,True,45024.9,4.3359,True,42783.8,-0.8574,False,44336.0,2.7395,True,43975.9,1.905,True,0.0
db2923c2-c803-4a32-a4ed-d585396c2266,LONG,45230.3,44389.34216652165,stop_loss,20,False,-1.0,42783.8,-5.409,False,43104.0,-4.7011,False,43640.8,-3.5142,False,43709.0,-3.3635,False,43974.0,-2.7776,False,0.0
be6c9340-0089-46a9-a8fe-120e1bb84da8,LONG,43965.7,43965.7,stop_loss,50,False,0.0,43731.6,-0.5325,False,47082.0,7.088,True,45455.6,3.3888,True,45970.7,4.5604,True,46168.8,5.011,True,0.0
cc07b4a8-2e7d-4c67-b02d-e87d5045ad7a,LONG,43920.3,44511.972907351315,trailing_stop,6,False,0.9261,46972.8,6.9501,True,46643.9,6.2012,True,45544.0,3.6969,True,47067.1,7.1648,True,45968.8,4.6641,True,0.0
0ca36528-b450-4b15-94bd-38e9032628fb,LONG,44925.9,46558.20839345932,trailing_stop,5,False,1.7174,46741.4,4.0411,True,46725.9,4.0066,True,46426.0,3.3391,True,46528.4,3.567,True,43841.8,-2.4131,False,0.0
fbe82d61-db6e-49af-b439-411a603aba92,LONG,46577.7,45550.20666240703,stop_loss,7,False,-0.4,45340.8,-2.6556,False,46137.2,-0.9457,False,46241.8,-0.7212,False,43689.1,-6.2017,False,42870.0,-7.9602,False,0.0
9ee93f27-cea6-4de0-82a4-20861772654d,LONG,45578.4,47902.20742128423,trailing_stop,23,False,1.6492,46149.4,1.2528,True,45794.3,0.4737,True,42749.9,-6.2058,False,42895.0,-5.8874,False,42866.3,-5.9504,False,0.0
5c511fe8-d1ec-445c-b584-6838afb24f7c,SHORT,42812.3,42812.3,stop_loss,48,False,0.3,42762.8,-0.1156,True,43044.6,0.5426,False,42374.8,-1.0219,True,41823.0,-2.3108,True,41256.1,-3.6349,True,0.0
a263b64e-4486-48ce-b154-440e970db890,SHORT,40973.2,41576.74566353804,stop_loss,4,False,-0.4,41629.5,1.6018,False,41583.0,1.4883,False,41671.7,1.7048,False,40719.6,-0.6189,True,39401.4,-3.8362,True,0.0
1f664e56-5229-4198-8fef-bf414f416af4,SHORT,39763.0,40562.01004303223,stop_loss,9,False,-1.0,39782.4,0.0488,False,40033.2,0.6795,False,40065.6,0.761,False,41649.1,4.7434,False,42559.0,7.0317,False,0.0
4ee3c8fd-c94e-43b2-9edf-21ed3c819f0f,LONG,41945.6,41945.6,stop_loss,50,False,0.3,42121.1,0.4184,True,42973.4,2.4503,True,43370.6,3.3973,True,43688.6,4.1554,True,42900.0,2.2753,True,0.0
532d1800-8f19-4248-bd9d-282fbb3fbeb8,LONG,41770.0,42204.22169109828,trailing_stop,20,False,0.9338,43603.3,4.389,True,43464.2,4.056,True,42850.0,2.5856,True,42624.9,2.0467,True,42784.4,2.4285,True,0.0
3297fbb6-803e-4545-9ad6-1ead769ffb6a,LONG,43427.7,42833.75689300786,stop_loss,22,False,-1.0,42365.3,-2.4464,False,42625.5,-1.8472,False,42911.1,-1.1896,False,43178.9,-0.5729,False,43016.2,-0.9476,False,0.0
eb1cfe0d-9e1c-40e8-a24c-fd364a815f6d,LONG,43330.0,42679.398891585486,stop_loss,5,False,-1.0,42181.6,-2.6504,False,43201.1,-0.2975,False,43041.0,-0.667,False,43040.6,-0.6679,False,42617.8,-1.6437,False,0.0
fa2a8677-d02a-42a2-8ae6-a3952ffc7d26,LONG,43108.2,42622.541691730316,stop_loss,3,False,-1.0,43207.2,0.2297,True,43050.8,-0.1332,False,42966.5,-0.3287,False,43239.2,0.3039,True,42767.8,-0.7896,False,0.0
cad20280-fedf-46a1-8ffe-e097d79d38dd,LONG,43041.0,43041.0,stop_loss,48,False,0.0,42797.3,-0.5662,False,42718.2,-0.75,False,43178.1,0.3185,True,43642.2,1.3968,True,45282.0,5.2067,True,0.0
9e8090fe-b7ce-4933-abbb-1150759deb2b,LONG,43047.2,42610.72692201157,stop_loss,8,False,-0.4,42833.0,-0.4976,False,42915.6,-0.3057,False,43004.1,-0.1001,False,45048.7,4.6495,True,47034.7,9.2631,True,0.0
5991c72d-98ab-4544-9423-38bf8346dcb5,LONG,44108.9,45132.14809864744,trailing_stop,19,False,1.6393,46271.5,4.9029,True,47034.7,6.6331,True,47259.3,7.1423,True,48239.7,9.365,True,48827.1,10.6967,True,0.0
03d8054a-3344-43b4-90cb-ab9d2becdaa7,LONG,47163.8,48053.97644036886,trailing_stop,40,False,1.3481,48239.7,2.2812,True,48172.8,2.1394,True,49972.2,5.9546,True,49514.4,4.9839,True,52090.5,10.4459,True,0.0
0b40ae4b-bb7b-4f8d-b2f0-75fb956f50cb,LONG,48163.1,49943.367456,target_reached,9,False,2.2,49972.2,3.7562,True,48706.6,1.1285,True,51943.8,7.8498,True,52656.4,9.3293,True,51955.0,7.873,True,0.0
bcec7dfb-0e74-4000-943b-b92daf8ec01d,LONG,48861.4,50196.284098486365,trailing_stop,15,False,1.1295,51702.0,5.8136,True,51817.3,6.0496,True,51791.0,5.9957,True,51935.9,6.2923,True,51699.9,5.8093,True,0.0
f66b5b1a-7d91-4462-b4e3-9c72cb7ef7c6,LONG,52656.4,51810.650132461364,stop_loss,1,False,-1.0,52198.1,-0.8704,False,51955.0,-1.332,False,50883.8,-3.3664,False,51932.1,-1.3755,False,52130.1,-0.9995,False,0.0
5a64f847-d76c-413d-964e-afec9a30e2f2,LONG,52439.2,51909.44481541983,stop_loss,10,False,-1.0,51610.1,-1.5811,False,51706.3,-1.3976,False,51166.0,-2.428,False,51610.1,-1.5811,False,50934.4,-2.8696,False,0.0
378e97a5-6743-468b-ad28-9a114a9bf0db,LONG,52157.4,51584.585558234714,stop_loss,5,False,-0.4,52086.9,-0.1352,False,50957.6,-2.3003,False,51391.1,-1.4692,False,51151.9,-1.9278,False,51175.8,-1.882,False,0.0
fbb5e502-e49d-4cdd-8151-735ab3fc3732,LONG,51761.3,51414.86471000487,stop_loss,2,False,-1.0,51572.4,-0.3649,False,52899.2,2.1984,True,56780.0,9.6959,True,61006.6,17.8614,True,62811.1,21.3476,True,0.0
79cba091-082b-4af6-a9f2-88bc8ae25a59,LONG,58330.0,59851.97122312146,trailing_stop,6,False,1.4513,61427.2,5.3098,True,62745.3,7.5695,True,62292.0,6.7924,True,62158.8,6.564,True,62257.4,6.7331,True,0.0
d6fb2a66-1fc0-4037-a6d3-5b46e322a88e,LONG,62534.0,60502.6110884345,stop_loss,1,False,-1.0,62543.0,0.0144,True,62250.1,-0.454,False,61481.4,-1.6832,False,61931.6,-0.9633,False,62911.0,0.6029,True,0.0
90870ddc-0623-4f67-9fa2-0ab94ef15dc4,LONG,62250.1,62250.1,stop_loss,48,False,0.0,61996.6,-0.4072,False,62220.1,-0.0482,False,66526.3,6.8694,True,66843.9,7.3796,True,66538.2,6.8885,True,0.0
6e6e1acb-444d-4ca7-9e4c-2758d0b66474,LONG,66257.1,67404.25593135071,trailing_stop,14,False,0.8656,66843.9,0.8856,True,63323.7,-4.4273,False,65911.8,-0.5212,False,67206.0,1.4321,True,68290.1,3.0684,True,0.0
8369a7c9-6915-40f7-99f3-107bf53d8a7e,LONG,67648.5,66489.86152477306,stop_loss,10,False,0.2,68290.1,0.9484,True,68338.9,1.0206,True,69253.1,2.372,True,72051.0,6.5079,True,71792.4,6.1256,True,0.0
ad32ce0b-f083-4ba6-b82d-55f041fd1eb5,LONG,69484.1,68677.84576573991,stop_loss,10,False,-1.0,68374.9,-1.5963,False,71593.6,3.0359,True,72370.0,4.1533,True,72275.8,4.0178,True,71957.6,3.5598,True,0.0
d877475a-72f3-44a7-ab65-010ae3b6957a,LONG,68643.1,70518.23102830097,trailing_stop,4,False,1.5127,72549.9,5.6915,True,72340.0,5.3857,True,72829.5,6.0988,True,73656.2,7.3031,True,68694.3,0.0746,True,0.0
9c71902b-98d3-4d9d-a72f-482eea26b04d,LONG,71679.8,70392.64397229598,stop_loss,13,False,-0.4,72142.5,0.6455,True,72671.2,1.3831,True,70894.1,-1.0961,False,68198.7,-4.8565,False,68423.6,-4.5427,False,0.0
5bd1abc7-d46e-4d08-9823-69052ac3eda7,LONG,68037.0,70474.93807894482,trailing_stop,8,False,1.7328,70760.2,4.0025,True,69875.6,2.7024,True,68955.9,1.3506,True,70735.6,3.9664,True,69680.0,2.4149,True,0.0
1fc6e534-5916-4d20-bb0e-7e04ed00e764,LONG,70390.3,68644.50910174607,stop_loss,24,False,-1.0,69511.0,-1.2492,False,70934.3,0.7728,True,70510.0,0.1701,True,70214.0,-0.2505,False,70664.8,0.39,True,0.0
efd82254-4229-4936-9f23-bd702da3e8a9,LONG,71597.5,70324.48362777202,stop_loss,15,False,-1.0,69224.5,-3.3144,False,70133.2,-2.0452,False,70180.5,-1.9791,False,70516.4,-1.51,False,66620.0,-6.9521,False,0.0
0239601c-d799-4444-a642-7a76d1299dd0,LONG,70956.0,70364.45779443679,stop_loss,11,False,-1.0,68613.7,-3.3011,False,66620.0,-6.1108,False,66347.7,-6.4946,False,65502.5,-7.6857,False,67651.8,-4.6567,False,0.0
00532a78-ab13-4d92-af67-8815befc267b,SHORT,66095.8,67329.3632976444,stop_loss,26,False,-1.0,68605.0,3.7963,False,66902.2,1.22,False,67747.8,2.4994,False,69322.1,4.8812,False,72234.0,9.2868,False,0.0
6d726be3-162f-4e9c-a03b-39da6bf612d9,LONG,69049.6,70248.60833965204,trailing_stop,33,False,1.4757,71953.8,4.206,True,70800.0,2.535,True,69410.8,0.5231,True,70735.0,2.4409,True,70898.1,2.6771,True,0.0
5949aad4-659f-4955-98a9-93c32b683c1e,LONG,71993.2,70644.61222288372,stop_loss,22,False,-1.0,68884.0,-4.3187,False,69296.0,-3.7465,False,70614.4,-1.9152,False,70986.2,-1.3987,False,67329.7,-6.4777,False,0.0
cd1c318b-4327-46a7-bd37-04d613a75036,SHORT,67556.0,64055.03127205808,target_reached,5,False,2.2,64624.0,-4.3401,True,64381.4,-4.6992,True,63115.2,-6.5735,True,62992.9,-6.7545,True,61418.2,-9.0855,True,0.0
0212ba8f-fc57-46c1-a03a-7e32acc703df,SHORT,64101.9,66239.49462962437,stop_loss,21,False,-1.0,63873.2,-0.3568,True,62677.9,-2.2215,True,63894.4,-0.3237,True,61024.9,-4.8002,True,62064.0,-3.1792,True,0.0
18c86d5d-cb80-40e3-8557-164cd0b8b82b,SHORT,62544.4,64257.58731447686,stop_loss,11,False,-1.0,63296.0,1.2017,False,60825.9,-2.7476,True,63471.5,1.4823,False,64026.1,2.369,False,64690.6,3.4315,False,0.0
12d058a2-8a12-424b-b3d3-53a1e24ebac7,LONG,64774.9,66277.50413490264,trailing_stop,61,False,1.3484,66398.1,2.5059,True,66597.1,2.8131,True,64256.4,-0.8005,False,64362.2,-0.6371,False,63069.0,-2.6336,False,0.0
c20bfd9b-6ef0-4c87-b335-4cfd91b8055d,LONG,66883.9,65782.84165805337,stop_loss,23,False,-1.0,64520.2,-3.534,False,63390.2,-5.2235,False,64113.1,-4.1427,False,63013.1,-5.7873,False,63555.3,-4.9767,False,0.0
3cb3f954-bfa2-410d-a449-87f7a5b28c36,SHORT,61985.6,62898.69319740602,stop_loss,1,False,-1.0,63583.4,2.5777,False,60800.1,-1.9125,True,57271.8,-7.6047,True,58417.3,-5.7567,True,61638.2,-0.5605,True,0.0
357bf402-49b4-42e7-ae4b-ee42298d14fc,SHORT,56936.4,59351.704457515356,stop_loss,20,False,-1.0,59518.3,4.5347,False,61579.9,8.1556,False,63778.8,12.0176,False,64076.1,12.5398,False,63213.4,11.0246,False,0.0
ed693e5e-a386-4b15-aaac-14ca022b9bf5,LONG,62871.8,64478.81182866363,trailing_stop,60,False,1.3238,63205.6,0.5309,True,63652.0,1.2409,True,62187.8,-1.0879,False,61233.8,-2.6053,False,63041.8,0.2704,True,0.0
693c4536-5dfa-4081-8a7c-0a41b371b887,LONG,63851.4,62795.334315084365,stop_loss,6,False,-1.0,63598.0,-0.3969,False,63159.5,-1.0836,False,62499.9,-2.1166,False,62235.2,-2.5312,False,60700.9,-4.9341,False,0.0
482f2371-c587-4dbc-9e37-7890a2cf5fa3,LONG,64211.1,63137.744341302394,stop_loss,5,False,-1.0,62588.8,-2.5265,False,62220.1,-3.1007,False,61478.7,-4.2553,False,62983.8,-1.9114,False,60686.3,-5.4894,False,0.0
ca122086-de98-4ec0-af00-d23d635586ba,LONG,62415.1,61464.530974927016,stop_loss,10,False,-1.0,61233.8,-1.8927,False,62426.2,0.0178,True,60686.3,-2.7698,False,61127.2,-2.0634,False,61379.9,-1.6586,False,0.0
cb8e0f73-c921-4b70-a8b2-45d214f67fad,SHORT,41844.5,41303.932202490236,trailing_stop,4,False,0.8456,40934.7,-2.1742,True,41902.3,0.1381,False,42613.2,1.837,False,41818.0,-0.0633,True,42632.1,1.8822,False,0.0
bd984046-cff7-4ca0-b56e-ea23f1175ee5,SHORT,41488.4,42143.29073584457,stop_loss,3,False,-1.0,42746.5,3.0324,False,42458.3,2.3378,False,41921.7,1.0444,False,42653.5,2.8083,False,41838.5,0.8439,False,0.0
1384ad89-911d-40e9-952e-1136b644626c,SHORT,42590.2,43431.102641429265,stop_loss,4,False,-1.0,42836.2,0.5776,False,41818.0,-1.8131,True,42632.1,0.0984,False,42154.3,-1.0235,True,41512.8,-2.5297,True,0.0
da04be5e-5595-41c0-b1f5-855b624adcf9,SHORT,40845.9,41451.763313941796,stop_loss,3,False,-1.0,42745.6,4.6509,False,42980.0,5.2248,False,43004.1,5.2838,False,44084.9,7.9298,False,43596.0,6.7329,False,0.0
32394758-dd88-4245-89c4-8589a4e60ffd,LONG,42648.3,41905.74734359087,stop_loss,20,False,-0.4,42838.0,0.4448,True,43722.5,2.5187,True,43700.0,2.466,True,43582.1,2.1895,True,43809.4,2.7225,True,0.0
3bbfdc40-623f-45e2-bb1d-15dd156af853,LONG,42549.1,43314.55644670185,trailing_stop,16,False,1.061,43623.1,2.5241,True,44084.9,3.6095,True,43596.0,2.4605,True,43736.1,2.7897,True,43679.4,2.6565,True,0.0
33b3b11d-f178-4f12-b78a-039ce4465612,LONG,43684.5,43239.669699292375,stop_loss,17,False,-1.0,42366.6,-3.0169,False,42340.8,-3.0759,False,43354.9,-0.7545,False,42706.0,-2.2399,False,42034.5,-3.7771,False,0.0
456cff08-d60d-440f-8fef-ac8c21561996,SHORT,42750.9,43247.43347717483,stop_loss,2,False,-1.0,43391.3,1.498,False,43095.1,0.8051,False,42693.1,-0.1352,True,41728.6,-2.3913,True,42784.3,0.0781,False,0.0
ef4ff010-8265-4b3a-bd7d-09e4b91b9cdc,SHORT,43072.7,43605.42894965855,stop_loss,9,False,-1.0,43091.8,0.0443,False,42660.1,-0.9579,True,42164.6,-2.1083,True,42398.1,-1.5662,True,42660.5,-0.957,True,0.0
46074242-cf72-4d55-a5f6-e4d373f90e0a,LONG,43153.8,44008.39627577105,trailing_stop,5,False,1.6902,45658.7,5.8046,True,45024.9,4.3359,True,42783.8,-0.8574,False,44336.0,2.7395,True,43975.9,1.905,True,0.0
ac304804-4d50-490d-84f9-ebbf8ad1fe81,LONG,45230.3,44389.34216652165,stop_loss,20,False,-1.0,42783.8,-5.409,False,43104.0,-4.7011,False,43640.8,-3.5142,False,43709.0,-3.3635,False,43974.0,-2.7776,False,0.0
c0536264-ae45-49dc-94e8-21dec9e5deca,LONG,43965.7,43965.7,stop_loss,50,False,0.0,43731.6,-0.5325,False,47082.0,7.088,True,45455.6,3.3888,True,45970.7,4.5604,True,46168.8,5.011,True,0.0
e047abb6-5401-485d-9cdf-8e55d9509b4a,LONG,43920.3,44511.972907351315,trailing_stop,6,False,0.9261,46972.8,6.9501,True,46643.9,6.2012,True,45544.0,3.6969,True,47067.1,7.1648,True,45968.8,4.6641,True,0.0
110c7888-2c34-4684-9621-13398c0eabac,LONG,44925.9,46558.20839345932,trailing_stop,5,False,1.7174,46741.4,4.0411,True,46725.9,4.0066,True,46426.0,3.3391,True,46528.4,3.567,True,43841.8,-2.4131,False,0.0
1b9eadfa-2d97-45e3-898c-44014a5c8347,LONG,46577.7,45550.20666240703,stop_loss,7,False,-0.4,45340.8,-2.6556,False,46137.2,-0.9457,False,46241.8,-0.7212,False,43689.1,-6.2017,False,42870.0,-7.9602,False,0.0
bceb730e-9406-4160-b017-9ddc835eac9a,LONG,45578.4,47902.20742128423,trailing_stop,23,False,1.6492,46149.4,1.2528,True,45794.3,0.4737,True,42749.9,-6.2058,False,42895.0,-5.8874,False,42866.3,-5.9504,False,0.0
7b335cfb-7dc6-427d-a022-745b4d086a9d,SHORT,42812.3,42812.3,stop_loss,48,False,0.3,42762.8,-0.1156,True,43044.6,0.5426,False,42374.8,-1.0219,True,41823.0,-2.3108,True,41256.1,-3.6349,True,0.0
352b9b10-8d90-4a5d-b1b9-117c4c933dc2,SHORT,40973.2,41576.74566353804,stop_loss,4,False,-0.4,41629.5,1.6018,False,41583.0,1.4883,False,41671.7,1.7048,False,40719.6,-0.6189,True,39401.4,-3.8362,True,0.0
96420ff6-0a84-4308-a03f-43cd64c9af23,SHORT,39763.0,40562.01004303223,stop_loss,9,False,-1.0,39782.4,0.0488,False,40033.2,0.6795,False,40065.6,0.761,False,41649.1,4.7434,False,42559.0,7.0317,False,0.0
27a9de99-31dc-4cfe-88d5-b26699ae3d34,LONG,41945.6,41945.6,stop_loss,50,False,0.3,42121.1,0.4184,True,42973.4,2.4503,True,43370.6,3.3973,True,43688.6,4.1554,True,42900.0,2.2753,True,0.0
97b3c675-ac37-4a70-8d2f-648356497520,LONG,41770.0,42204.22169109828,trailing_stop,20,False,0.9338,43603.3,4.389,True,43464.2,4.056,True,42850.0,2.5856,True,42624.9,2.0467,True,42784.4,2.4285,True,0.0
25c459f0-b8a9-4d8c-92e1-28f00cf7be7b,LONG,43427.7,42833.75689300786,stop_loss,22,False,-1.0,42365.3,-2.4464,False,42625.5,-1.8472,False,42911.1,-1.1896,False,43178.9,-0.5729,False,43016.2,-0.9476,False,0.0
76d1d7ca-3f27-49f4-ae67-b1b678c53bc3,LONG,43330.0,42679.398891585486,stop_loss,5,False,-1.0,42181.6,-2.6504,False,43201.1,-0.2975,False,43041.0,-0.667,False,43040.6,-0.6679,False,42617.8,-1.6437,False,0.0
2718e4a9-0006-4e40-9c1a-236d10f95a3e,LONG,43108.2,42622.541691730316,stop_loss,3,False,-1.0,43207.2,0.2297,True,43050.8,-0.1332,False,42966.5,-0.3287,False,43239.2,0.3039,True,42767.8,-0.7896,False,0.0
ab5d5e7a-2a4d-46f3-89e9-1b2430a97050,LONG,43041.0,43041.0,stop_loss,48,False,0.0,42797.3,-0.5662,False,42718.2,-0.75,False,43178.1,0.3185,True,43642.2,1.3968,True,45282.0,5.2067,True,0.0
243ebcde-ec28-4866-9d4c-c7c038ee6aea,LONG,43047.2,42610.72692201157,stop_loss,8,False,-0.4,42833.0,-0.4976,False,42915.6,-0.3057,False,43004.1,-0.1001,False,45048.7,4.6495,True,47034.7,9.2631,True,0.0
84b68823-e375-44a6-bcc6-849ab3691be9,LONG,44108.9,45132.14809864744,trailing_stop,19,False,1.6393,46271.5,4.9029,True,47034.7,6.6331,True,47259.3,7.1423,True,48239.7,9.365,True,48827.1,10.6967,True,0.0
3a444a07-17c9-47a8-ae3f-78a8a09ebea0,LONG,47163.8,48053.97644036886,trailing_stop,40,False,1.3481,48239.7,2.2812,True,48172.8,2.1394,True,49972.2,5.9546,True,49514.4,4.9839,True,52090.5,10.4459,True,0.0
ea7007ca-2037-4a2a-b692-e9227fd41ca0,LONG,48163.1,49943.367456,target_reached,9,False,2.2,49972.2,3.7562,True,48706.6,1.1285,True,51943.8,7.8498,True,52656.4,9.3293,True,51955.0,7.873,True,0.0
6b1fa42b-7750-4616-a24f-3a4f544d7346,LONG,48861.4,50196.284098486365,trailing_stop,15,False,1.1295,51702.0,5.8136,True,51817.3,6.0496,True,51791.0,5.9957,True,51935.9,6.2923,True,51699.9,5.8093,True,0.0
34329e47-a14a-46db-b3e4-53a2dbedd108,LONG,52656.4,51810.650132461364,stop_loss,1,False,-1.0,52198.1,-0.8704,False,51955.0,-1.332,False,50883.8,-3.3664,False,51932.1,-1.3755,False,52130.1,-0.9995,False,0.0
289d983f-7f49-4870-8970-fcaa57153143,LONG,52439.2,51909.44481541983,stop_loss,10,False,-1.0,51610.1,-1.5811,False,51706.3,-1.3976,False,51166.0,-2.428,False,51610.1,-1.5811,False,50934.4,-2.8696,False,0.0
9aecef58-f045-4d99-8a2f-d0befb9f0e4d,LONG,52157.4,51584.585558234714,stop_loss,5,False,-0.4,52086.9,-0.1352,False,50957.6,-2.3003,False,51391.1,-1.4692,False,51151.9,-1.9278,False,51175.8,-1.882,False,0.0
709270f1-17bb-417e-b3da-6576718b325e,LONG,51761.3,51414.86471000487,stop_loss,2,False,-1.0,51572.4,-0.3649,False,52899.2,2.1984,True,56780.0,9.6959,True,61006.6,17.8614,True,62811.1,21.3476,True,0.0
751a9dec-a7c7-4d55-bef8-13a3a659073c,LONG,58330.0,59851.97122312146,trailing_stop,6,False,1.4513,61427.2,5.3098,True,62745.3,7.5695,True,62292.0,6.7924,True,62158.8,6.564,True,62257.4,6.7331,True,0.0
1f05ed58-4b35-491c-add8-c8bd4b96e4ab,LONG,62534.0,60502.6110884345,stop_loss,1,False,-1.0,62543.0,0.0144,True,62250.1,-0.454,False,61481.4,-1.6832,False,61931.6,-0.9633,False,62911.0,0.6029,True,0.0
89ed308b-04aa-496f-a86b-b1ff83e62727,LONG,62250.1,62250.1,stop_loss,48,False,0.0,61996.6,-0.4072,False,62220.1,-0.0482,False,66526.3,6.8694,True,66843.9,7.3796,True,66538.2,6.8885,True,0.0
f33eae27-1e00-4060-bea3-d95714d48829,LONG,66257.1,67404.25593135071,trailing_stop,14,False,0.8656,66843.9,0.8856,True,63323.7,-4.4273,False,65911.8,-0.5212,False,67206.0,1.4321,True,68290.1,3.0684,True,0.0
571a3928-9756-4e00-a3a6-5b98e8427a3d,LONG,67648.5,66489.86152477306,stop_loss,10,False,0.2,68290.1,0.9484,True,68338.9,1.0206,True,69253.1,2.372,True,72051.0,6.5079,True,71792.4,6.1256,True,0.0
ca729dd9-27d3-49f1-8a06-cf7ee70e20da,LONG,69484.1,68677.84576573991,stop_loss,10,False,-1.0,68374.9,-1.5963,False,71593.6,3.0359,True,72370.0,4.1533,True,72275.8,4.0178,True,71957.6,3.5598,True,0.0
ba682588-ab3a-47e8-b29c-e11da331265f,LONG,68643.1,70518.23102830097,trailing_stop,4,False,1.5127,72549.9,5.6915,True,72340.0,5.3857,True,72829.5,6.0988,True,73656.2,7.3031,True,68694.3,0.0746,True,0.0
c3428e03-1d6d-4dbe-a98f-3b3b0264fbad,LONG,71679.8,70392.64397229598,stop_loss,13,False,-0.4,72142.5,0.6455,True,72671.2,1.3831,True,70894.1,-1.0961,False,68198.7,-4.8565,False,68423.6,-4.5427,False,0.0
0d94fabb-c640-49bc-a242-a19e76fbf3d4,LONG,68037.0,70474.93807894482,trailing_stop,8,False,1.7328,70760.2,4.0025,True,69875.6,2.7024,True,68955.9,1.3506,True,70735.6,3.9664,True,69680.0,2.4149,True,0.0
4afc29c4-f193-4ff4-bd76-5302ad438d8e,LONG,70390.3,68644.50910174607,stop_loss,24,False,-1.0,69511.0,-1.2492,False,70934.3,0.7728,True,70510.0,0.1701,True,70214.0,-0.2505,False,70664.8,0.39,True,0.0
bd16533d-509d-4270-89c1-5662ffffdf4d,LONG,71597.5,70324.48362777202,stop_loss,15,False,-1.0,69224.5,-3.3144,False,70133.2,-2.0452,False,70180.5,-1.9791,False,70516.4,-1.51,False,66620.0,-6.9521,False,0.0
318e76d6-a73a-4459-a253-83b4e45c8aaf,LONG,70956.0,70364.45779443679,stop_loss,11,False,-1.0,68613.7,-3.3011,False,66620.0,-6.1108,False,66347.7,-6.4946,False,65502.5,-7.6857,False,67651.8,-4.6567,False,0.0
c4321aab-a880-4c50-8cf1-34ee232a0562,SHORT,66095.8,67329.3632976444,stop_loss,26,False,-1.0,68605.0,3.7963,False,66902.2,1.22,False,67747.8,2.4994,False,69322.1,4.8812,False,72234.0,9.2868,False,0.0
0343330d-f999-429c-87eb-be4fb13eaa55,LONG,69049.6,70248.60833965204,trailing_stop,33,False,1.4757,71953.8,4.206,True,70800.0,2.535,True,69410.8,0.5231,True,70735.0,2.4409,True,70898.1,2.6771,True,0.0
3f8e363b-529c-4e0f-8011-194a16b94f5b,LONG,71993.2,70644.61222288372,stop_loss,22,False,-1.0,68884.0,-4.3187,False,69296.0,-3.7465,False,70614.4,-1.9152,False,70986.2,-1.3987,False,67329.7,-6.4777,False,0.0
8a36e186-0983-4380-a203-8432d276bf38,SHORT,67556.0,64055.03127205808,target_reached,5,False,2.2,64624.0,-4.3401,True,64381.4,-4.6992,True,63115.2,-6.5735,True,62992.9,-6.7545,True,61418.2,-9.0855,True,0.0
7f374e16-a834-4900-8b9c-7ccabdbc2bbc,SHORT,64101.9,66239.49462962437,stop_loss,21,False,-1.0,63873.2,-0.3568,True,62677.9,-2.2215,True,63894.4,-0.3237,True,61024.9,-4.8002,True,62064.0,-3.1792,True,0.0
7985243f-9697-42b4-a9a0-ff34f0cb8d92,SHORT,62544.4,64257.58731447686,stop_loss,11,False,-1.0,63296.0,1.2017,False,60825.9,-2.7476,True,63471.5,1.4823,False,64026.1,2.369,False,64690.6,3.4315,False,0.0
a0675fd7-63a6-49ca-b24f-1df5326ea3fb,LONG,64774.9,66277.50413490264,trailing_stop,61,False,1.3484,66398.1,2.5059,True,66597.1,2.8131,True,64256.4,-0.8005,False,64362.2,-0.6371,False,63069.0,-2.6336,False,0.0
473ca610-90c1-47fa-8c9a-1ea24f0d4b39,LONG,66883.9,65782.84165805337,stop_loss,23,False,-1.0,64520.2,-3.534,False,63390.2,-5.2235,False,64113.1,-4.1427,False,63013.1,-5.7873,False,63555.3,-4.9767,False,0.0
af4ecc81-b96f-4fc1-94da-bfd989df82d0,SHORT,61985.6,62898.69319740602,stop_loss,1,False,-1.0,63583.4,2.5777,False,60800.1,-1.9125,True,57271.8,-7.6047,True,58417.3,-5.7567,True,61638.2,-0.5605,True,0.0
9637f85c-dcd1-4678-adc8-83f599bda1f6,SHORT,56936.4,59351.704457515356,stop_loss,20,False,-1.0,59518.3,4.5347,False,61579.9,8.1556,False,63778.8,12.0176,False,64076.1,12.5398,False,63213.4,11.0246,False,0.0
5449b0f0-13ff-4e05-a04a-05585b31fdb5,LONG,62871.8,64478.81182866363,trailing_stop,60,False,1.3238,63205.6,0.5309,True,63652.0,1.2409,True,62187.8,-1.0879,False,61233.8,-2.6053,False,63041.8,0.2704,True,0.0
a8c3f34f-e630-459f-87d0-9252d93183ed,LONG,63851.4,62795.334315084365,stop_loss,6,False,-1.0,63598.0,-0.3969,False,63159.5,-1.0836,False,62499.9,-2.1166,False,62235.2,-2.5312,False,60700.9,-4.9341,False,0.0
6d272b49-1680-4820-bd27-bc91e3a918d8,LONG,64211.1,63137.744341302394,stop_loss,5,False,-1.0,62588.8,-2.5265,False,62220.1,-3.1007,False,61478.7,-4.2553,False,62983.8,-1.9114,False,60686.3,-5.4894,False,0.0
d8653701-2297-47f0-9758-6bbbd909b8e0,LONG,62415.1,61464.530974927016,stop_loss,10,False,-1.0,61233.8,-1.8927,False,62426.2,0.0178,True,60686.3,-2.7698,False,61127.2,-2.0634,False,61379.9,-1.6586,False,0.0
455d9a4c-14ac-4ebe-b720-e89fab907a80,LONG,63249.1,62215.56735660765,stop_loss,16,False,-1.0,60857.4,-3.7814,False,60956.2,-3.6252,False,61179.2,-3.2726,False,62738.5,-0.8073,False,61675.2,-2.4884,False,0.0
